time,latitude,longitude,depth,mag,magType,nst,gap,dmin,rms,net,id,updated,place,type,horizontalError,depthError,magError,magNst,status,locationSource,magSource
2018-12-23T11:11:02.970Z,44.82633333,-123.7868333,48.58,2.53,ml,25,123,,0.16,uw,uw61507661,2019-02-23T20:22:42.040Z,"15km NE of Siletz, Oregon",earthquake,0.37,0.69,0.097998479,15,reviewed,uw,uw
2018-11-23T05:35:48.110Z,45.3623,-116.1946,10,3,ml,,65,0.307,0.9,us,us1000hvlk,2019-02-02T20:02:25.040Z,"50km N of McCall, Idaho",earthquake,3.4,2,0.048,58,reviewed,us,us
2018-11-19T11:09:13.050Z,47.698,-123.5516667,39.32,4.07,ml,53,62,,0.24,uw,uw61504942,2019-02-02T20:02:25.040Z,"33km NE of Quinault Census Designated Place, Washington",earthquake,0.35,0.38,0.174372415,40,reviewed,uw,uw
2018-10-30T17:59:43.340Z,48.437,-122.5671667,5.63,2.89,ml,22,69,,0.33,uw,uw61500202,2019-01-21T14:29:40.040Z,"9km SSE of Anacortes, Washington",earthquake,0.48,1.26,0.233442423,16,reviewed,uw,uw
2018-10-30T07:45:01.460Z,47.2545,-122.5416667,57.22,2.83,ml,60,47,,0.37,uw,uw61434702,2019-01-21T14:29:39.040Z,"2km NNE of University Place, Washington",earthquake,0.54,0.9,0.179200263,47,reviewed,uw,uw
2018-10-09T22:34:00.400Z,46.1031667,-120.4206667,17.53,2.89,ml,29,62,0.2072,0.18,uw,uw61436236,2018-12-21T21:15:48.040Z,"31km SSW of Toppenish, Washington",earthquake,0.36,0.78,0.196,15,reviewed,uw,uw
2018-10-01T00:31:15.910Z,42.0223333,-124.2715,16.22,2.99,ml,12,173,0.05672,0.27,uw,uw61424827,2018-12-14T20:32:38.040Z,"3km SSE of Brookings, Oregon",earthquake,1.11,0.96,0.204,10,reviewed,uw,uw
2018-09-25T13:18:50.110Z,45.6766667,-122.8965,22.71,2.56,ml,43,38,0.1266,0.11,uw,uw61422757,2018-12-01T16:45:12.040Z,"8km S of Scappoose, Oregon",earthquake,0.18,0.41,0.101,23,reviewed,uw,uw
2018-09-17T00:08:26.690Z,45.1358333,-122.9721667,40.89,2.83,ml,45,30,0.1447,0.24,uw,uw61419862,2018-11-27T15:51:56.040Z,"6km WNW of Gervais, Oregon",earthquake,0.31,0.38,0.183,25,reviewed,uw,uw
2018-09-09T12:55:44.500Z,48.275,-123.0391667,23.09,3.26,ml,48,45,0.2016,0.24,uw,uw61426956,2018-11-19T11:32:59.696Z,"22km NNE of Sequim, Washington",earthquake,0.31,0.94,0.217,34,reviewed,uw,uw
2018-09-08T14:17:50.380Z,42.2935,-124.6693333,21.05,2.76,ml,9,264,0.2409,0.12,uw,uw61426681,2018-11-09T21:54:45.040Z,"23km WSW of Gold Beach, Oregon",earthquake,0.88,0.33,0.265,9,reviewed,uw,uw
2018-08-30T23:38:18.160Z,44.8213333,-122.2221667,3.78,2.57,ml,4,255,1.001,0.08,uw,uw61424371,2018-11-07T18:37:07.040Z,"21km ENE of Mill City, Oregon",earthquake,10.57,31.61,0.376,2,reviewed,uw,uw
2018-07-29T15:09:48.860Z,45.8288,-116.9943,3.44,2.7,ml,,241,0.218,0.54,us,us2000ggr9,2018-10-09T16:43:30.040Z,"49km NNE of Enterprise, Oregon",earthquake,1.9,6.5,0.194,6,reviewed,uw,uw
2018-07-20T06:25:41.470Z,46.6238333,-120.5245,14.92,2.68,ml,29,105,0.09746,0.15,uw,uw61399397,2018-10-04T14:15:35.040Z,"2km NNW of Yakima, Washington",earthquake,0.31,0.63,0.127,13,reviewed,uw,uw
2018-07-18T17:54:18.790Z,46.9115,-121.9761667,12.48,2.5,ml,32,72,0.07228,0.13,uw,uw61410081,2018-10-04T14:15:35.040Z,"22km ENE of Eatonville, Washington",earthquake,0.23,0.5,0.222,23,reviewed,uw,uw
2018-07-16T11:02:23.190Z,46.6228333,-120.52,14.79,2.53,ml,16,113,0.09665,0.18,uw,uw61409041,2019-03-17T13:51:49.708Z,"2km NNW of Yakima, Washington",earthquake,0.44,0.95,0.038,4,reviewed,uw,uw
2018-07-15T11:37:30.990Z,47.275,-122.1218333,27.13,2.56,ml,45,43,0.1256,0.32,uw,uw61408761,2018-10-02T16:40:42.040Z,"6km SSW of Lake Morton-Berrydale, Washington",earthquake,0.45,0.91,0.205,36,reviewed,uw,uw
2018-07-14T00:11:05.350Z,46.6238333,-120.5246667,14.61,2.61,ml,30,105,0.09745,0.15,uw,uw61408296,2018-10-02T16:40:40.040Z,"2km NNW of Yakima, Washington",earthquake,0.26,0.49,0.133,19,reviewed,uw,uw
2018-07-13T08:50:41.470Z,46.6196667,-120.5261667,14.96,2.56,ml,28,105,0.09324,0.14,uw,uw61408031,2018-10-02T16:40:37.040Z,"2km NW of Yakima, Washington",earthquake,0.29,0.61,0.127,13,reviewed,uw,uw
2018-07-11T12:09:45.720Z,44.613,-124.3475,25.41,3,ml,17,229,0.2154,0.08,uw,uw61395262,2018-10-02T16:40:34.040Z,"23km W of Newport, Oregon",earthquake,0.41,0.53,0.242,12,reviewed,uw,uw
2018-06-16T19:18:33.970Z,47.7546667,-124.8201667,40.48,2.62,ml,24,209,,0.54,uw,uw61386717,2018-09-07T17:47:07.040Z,"39km WSW of Forks, Washington",earthquake,3.02,0.95,0.169,16,reviewed,uw,uw
2018-06-09T10:46:35.050Z,48.417,-124.647,35.91,2.68,ml,20,142,0.0603,0.31,uw,uw61383747,2018-08-29T16:36:10.040Z,"5km NNW of Neah Bay, Washington",earthquake,0.7,0.84,0.204,23,reviewed,uw,uw
2018-06-08T17:09:35.370Z,48.8251667,-123.207,58.21,3.19,ml,26,47,0.05511,0.19,uw,uw61383502,2018-08-29T16:35:48.040Z,"20km SSW of Point Roberts, Washington",earthquake,0.46,0.8,0.137,18,reviewed,uw,uw
2018-05-30T22:20:45.600Z,47.8026667,-122.3193333,25,2.73,ml,41,37,0.02863,0.16,uw,uw61394441,2019-04-05T04:32:10.992Z,"1km NNW of Mountlake Terrace, Washington",earthquake,0.28,0.38,0.168,37,reviewed,uw,uw
2018-05-28T02:08:28.730Z,46.0455,-122.1278333,12.12,2.97,ml,48,35,0.06258,0.15,uw,uw61379272,2018-08-28T16:27:27.040Z,"28km ENE of Amboy, Washington",earthquake,0.24,0.63,0.172,26,reviewed,uw,uw
2018-05-25T07:25:54.060Z,46.3955,-123.2906667,16.34,2.95,ml,43,40,0.08999,0.18,uw,uw61392776,2018-08-21T21:23:50.040Z,"22km NNE of Cathlamet, Washington",earthquake,0.28,1.13,0.148,28,reviewed,uw,uw
2018-05-20T03:35:59.450Z,47.5445,-122.6946667,52.96,2.67,ml,49,37,0.06303,0.22,uw,uw61390681,2018-08-15T19:46:59.040Z,"2km WSW of Navy Yard City, Washington",earthquake,0.38,0.65,0.204,40,reviewed,uw,uw
2018-04-29T17:55:29.440Z,47.238,-120.7653333,1.43,3.32,ml,22,52,0.06942,0.09,uw,uw61382986,2018-07-25T21:38:03.040Z,"14km ENE of Cle Elum, Washington",earthquake,0.23,0.82,0.161,13,reviewed,uw,uw
2018-04-22T12:00:30.430Z,47.2221667,-120.5118333,2.32,2.68,ml,27,71,0.1102,0.24,uw,uw61364792,2018-07-17T02:05:35.040Z,"25km N of Ellensburg, Washington",earthquake,0.39,0.98,0.088,7,reviewed,uw,uw
2018-04-15T03:45:41.250Z,44.9455,-122.7558333,18.38,3.08,ml,36,41,0.1508,0.23,uw,uw61363027,2019-03-06T18:00:54.748Z,"6km SSE of Silverton, Oregon",earthquake,0.33,1.1,0.172,24,reviewed,uw,uw
2018-04-12T06:39:58.780Z,46.937,-121.9645,12,2.99,ml,49,76,0.009708,0.16,uw,uw61362202,2018-08-11T03:34:24.689Z,"24km ENE of Eatonville, Washington",earthquake,0.2,0.51,0.207,33,reviewed,uw,uw
2018-03-20T14:50:31.300Z,48.1585,-122.7491667,21.72,2.61,ml,26,38,0.1521,0.2,uw,uw61356222,2018-06-19T01:35:45.040Z,"4km N of Port Townsend, Washington",earthquake,0.38,0.75,0.147,20,reviewed,uw,uw
2018-03-17T22:35:37.820Z,47.5666667,-122.265,4.51,2.68,ml,51,41,0.0149,0.46,uw,uw61355627,2018-06-11T21:53:50.040Z,"3km W of Mercer Island, Washington",earthquake,0.58,0.97,0.178,33,reviewed,uw,uw
2018-03-14T23:53:01.740Z,48.3246667,-122.6951667,16.18,2.64,ml,27,33,0.05453,0.28,uw,uw61354792,2018-06-11T21:53:45.040Z,"2km SW of Ault Field, Washington",earthquake,0.45,0.84,0.15,16,reviewed,uw,uw
2018-03-11T13:15:31.670Z,47.688,-120.0436667,7.63,2.77,ml,16,50,0.06071,0.11,uw,uw61372331,2018-06-08T05:12:20.040Z,"4km NNE of Waterville, Washington",earthquake,0.24,0.93,0.388,4,reviewed,uw,uw
2018-03-09T08:48:28.940Z,44.2056,-124.6819,10,2.8,ml,,148,0.434,1.28,us,us1000d3fy,2018-06-08T05:12:16.040Z,"52km WNW of Florence, Oregon",earthquake,2.1,2,0.056,42,reviewed,us,us
2018-02-13T21:30:49.920Z,48.3533333,-124.5195,32.53,2.58,ml,20,59,0.04956,0.26,uw,uw61348772,2018-05-15T06:29:05.040Z,"7km ESE of Neah Bay, Washington",earthquake,0.57,0.79,0.212,22,reviewed,uw,uw
2018-02-10T01:37:34.730Z,46.5855,-121.7531667,8.4,2.66,ml,39,90,0.1697,0.12,uw,uw61368441,2018-05-03T22:15:07.040Z,"6km WSW of Packwood, Washington",earthquake,0.53,1.94,0.114,18,reviewed,uw,uw
2018-02-04T22:37:32.230Z,45.1558333,-124.3488333,30.15,3.06,ml,21,155,0.3731,0.41,uw,uw61366781,2018-04-25T01:39:48.040Z,"30km W of Pacific City, Oregon",earthquake,0.83,2.68,0.117,6,reviewed,uw,uw
2018-02-04T06:57:38.430Z,48.6325,-123.1208333,12.69,3.09,ml,30,41,0.1123,0.27,uw,uw61366651,2018-04-25T01:39:46.040Z,"13km NW of Friday Harbor, Washington",earthquake,0.36,1.07,0.143,23,reviewed,uw,uw
2018-01-23T20:55:26.450Z,47.5246667,-122.7731667,50.56,2.69,ml,13,82,0.02506,0.13,uw,uw61365291,2018-04-20T07:05:12.040Z,"8km WSW of Navy Yard City, Washington",earthquake,0.68,0.91,0.297,12,reviewed,uw,uw
2018-01-08T06:52:13.750Z,46.9755,-122.4283333,64.2,2.75,ml,57,45,0.01802,0.16,uw,uw61363431,2018-04-03T01:40:23.040Z,"8km SSW of Elk Plain, Washington",earthquake,0.36,0.48,0.16,39,reviewed,uw,uw
2018-01-03T08:39:16.510Z,46.2568333,-122.0586667,9.8,2.72,ml,29,132,0.05549,0.12,uw,uw61362351,2018-03-23T23:16:49.040Z,"37km SSE of Morton, Washington",earthquake,0.35,0.65,0.202,12,reviewed,uw,uw
2018-01-03T08:36:25.940Z,46.2556667,-122.0563333,10.23,3.87,ml,50,124,0.05684,0.14,uw,uw61362346,2018-03-23T23:16:49.040Z,"37km SSE of Morton, Washington",earthquake,0.24,0.42,0.156,25,reviewed,uw,uw
2017-12-30T04:38:07.190Z,46.154,-120.5426667,19.6,2.71,ml,10,140,0.3493,0.3,uw,uw60138808,2018-03-17T01:54:39.040Z,"30km SW of Toppenish, Washington",earthquake,0.77,1.22,0.05,3,reviewed,uw,uw
2017-12-28T23:08:31.990Z,46.705,-121.0593333,-0.16,2.93,ml,16,173,0.1637,0.15,uw,uw61361616,2018-03-17T01:54:37.040Z,"23km W of Tieton, Washington",earthquake,0.8,2.91,0.219,62,reviewed,uw,uw
2017-12-15T22:15:47.750Z,44.9417,-116.9494,3.57,2.5,ml,,49,0.268,1.13,us,us2000c54f,2018-03-06T00:49:43.040Z,"46km WNW of Council, Idaho",earthquake,1.6,6.1,0.056,42,reviewed,us,us
2017-12-14T01:24:26.830Z,45.0353333,-122.5993333,17.37,3.96,ml,53,40,0.1769,0.19,uw,uw61335997,2018-10-28T05:34:08.405Z,"12km S of Molalla, Oregon",earthquake,0.22,0.82,0.21,28,reviewed,uw,uw
2017-12-06T23:16:01.720Z,43.9998,-124.8511,20.99,2.8,ml,,157,0.535,0.59,us,us2000c1e4,2018-02-28T02:32:30.040Z,"60km W of Florence, Oregon",earthquake,3.2,4.5,0.047,60,reviewed,us,us
2017-11-15T02:06:54.690Z,45.4813333,-117.646,7.29,2.59,ml,7,128,0.5728,0.37,uw,uw61351961,2018-02-06T02:45:34.040Z,"23km ESE of Elgin, Oregon",earthquake,1.27,5.18,0.254,8,reviewed,uw,uw
2017-11-11T07:41:04.640Z,42.1398333,-121.6926667,6.88,2.58,ml,10,125,0.1036,0.08,uw,uw61327512,2018-01-31T03:04:48.040Z,"8km SSE of Altamont, Oregon",earthquake,0.31,0.42,0.114,8,reviewed,uw,uw
2017-10-27T01:28:52.140Z,47.6448333,-122.791,18.11,2.79,ml,50,32,0.08396,0.21,uw,uw61322157,2018-01-17T21:50:35.040Z,"2km ENE of Seabeck, Washington",earthquake,0.26,0.44,0.167,54,reviewed,uw,uw
2017-10-22T02:39:59.380Z,48.2215,-122.8591667,51.38,2.73,ml,37,36,0.1655,0.19,uw,uw61343991,2018-01-17T21:50:29.040Z,"12km W of Coupeville, Washington",earthquake,0.36,0.64,0.205,31,reviewed,uw,uw
2017-10-17T16:00:05.500Z,46.1415,-120.7071667,11.32,2.52,ml,22,55,0.1888,0.28,uw,uw61342821,2018-01-11T02:22:04.040Z,"36km NNE of Goldendale, Washington",earthquake,0.47,1.28,0.116,15,reviewed,uw,uw
2017-10-17T14:57:13.980Z,46.143,-120.7023333,10.47,2.99,ml,25,57,0.1856,0.24,uw,uw61342796,2018-01-11T02:22:04.040Z,"37km NNE of Goldendale, Washington",earthquake,0.43,1.2,0.123,14,reviewed,uw,uw
2017-10-16T05:28:09.430Z,45.9166667,-123.4611667,24.31,3.38,ml,43,46,0.06977,0.22,uw,uw61342436,2018-01-11T02:22:03.040Z,"21km WNW of Vernonia, Oregon",earthquake,0.3,0.82,0.201,26,reviewed,uw,uw
2017-10-13T04:32:52.000Z,46.1598333,-120.55,14.47,2.63,ml,31,74,0.1324,0.2,uw,uw61317612,2018-01-09T02:14:58.040Z,"30km SW of Toppenish, Washington",earthquake,0.42,0.84,0.167,17,reviewed,uw,uw
2017-10-12T19:04:20.540Z,46.1558333,-120.5401667,12.91,3.42,ml,33,56,0.1363,0.27,uw,uw61317447,2018-01-09T02:14:57.040Z,"30km SW of Toppenish, Washington",earthquake,0.43,1.64,0.138,9,reviewed,uw,uw
2017-10-10T06:16:13.807Z,42.0111,-118.5898,0,2.7,ml,8,168.75,0.424,0.2442,nn,nn00608714,2018-07-02T18:46:07.884Z,"6km NNE of Denio Junction, Nevada",earthquake,,4.1,0.15,7,reviewed,nn,nn
2017-10-10T02:45:37.050Z,45.3206667,-121.6861667,6.84,2.75,ml,25,45,0.02276,0.16,uw,uw61339596,2018-01-09T02:14:53.040Z,"23km E of Mount Hood Village, Oregon",earthquake,0.24,0.23,0.188,23,reviewed,uw,uw
2017-10-02T05:30:19.710Z,47.8878333,-122.8935,54.22,3.25,ml,64,25,0.07564,0.18,uw,uw61336471,2018-01-03T01:54:42.040Z,"16km WSW of Port Ludlow, Washington",earthquake,0.34,0.47,0.16,66,reviewed,uw,uw
2017-09-26T22:21:58.680Z,44.2518333,-123.9531667,24.14,2.77,ml,20,98,0.1208,0.28,uw,uw61311237,2017-12-22T21:56:23.040Z,"21km SSE of Waldport, Oregon",earthquake,0.45,1.16,0.136,14,reviewed,uw,uw
2017-09-08T01:09:08.850Z,45.1063,-116.5555,5,2.6,ml,,53,0.393,0.54,us,us2000ahu1,2017-12-07T20:00:19.040Z,"42km WNW of McCall, Idaho",earthquake,3.6,2,0.053,46,reviewed,us,us
2017-09-05T15:48:09.530Z,44.3418333,-124.4218333,25.72,2.82,ml,13,248,0.235,0.21,uw,uw61303577,2017-12-07T20:00:13.040Z,"24km WSW of Waldport, Oregon",earthquake,1.56,0.96,0.285,7,reviewed,uw,uw
2017-08-26T20:44:09.900Z,44.6125,-124.3365,25.73,2.54,ml,19,120,0.2076,0.1,uw,uw61299252,2017-11-22T03:43:34.040Z,"22km W of Newport, Oregon",earthquake,0.3,0.53,0.125,10,reviewed,uw,uw
2017-08-22T09:56:29.980Z,47.6825,-121.4386667,5.3,2.6,ml,37,40,0.1693,0.39,uw,uw61297037,2017-11-22T03:43:28.040Z,"27km SE of Gold Bar, Washington",earthquake,0.49,1.03,0.232,25,reviewed,uw,uw
2017-08-20T18:01:21.920Z,45.0823333,-117.1326667,1.99,2.95,ml,10,213,0.2607,0.77,uw,uw61296227,2017-11-22T03:43:26.040Z,"31km SSE of Joseph, Oregon",earthquake,3.16,4.64,0.237,8,reviewed,uw,uw
2017-08-19T12:51:12.540Z,48.1621667,-122.6871667,26.4,2.72,ml,44,45,0.1322,0.15,uw,uw61295597,2017-11-14T01:42:15.040Z,"6km S of Coupeville, Washington",earthquake,0.23,0.6,0.217,36,reviewed,uw,uw
2017-08-15T02:09:01.700Z,45.0601667,-117.2006667,2.22,2.58,ml,5,224,0.2207,0.63,uw,uw61313971,2017-11-14T01:42:08.040Z,"30km SSE of Joseph, Oregon",earthquake,5.53,7.64,0.182,4,reviewed,uw,uw
2017-08-14T07:20:59.940Z,45.0448333,-117.2135,8.41,3.14,ml,8,199,0.2032,0.23,uw,uw61313606,2017-11-14T01:42:07.040Z,"34km S of Joseph, Oregon",earthquake,1.02,2.27,0.083,7,reviewed,uw,uw
2017-07-25T09:08:43.110Z,47.5841667,-122.5815,24.17,2.7,ml,58,32,0.03735,0.29,uw,uw61285102,2017-10-14T00:19:39.040Z,"1km E of Enetai, Washington",earthquake,0.31,0.48,0.24,48,reviewed,uw,uw
2017-07-24T19:53:16.300Z,47.7025,-120.0191667,2.13,3.33,ml,17,59,0.04341,0.08,uw,uw61284707,2017-10-14T00:19:38.040Z,"7km NNE of Waterville, Washington",earthquake,0.2,1.09,0.216,4,reviewed,uw,uw
2017-07-20T03:21:06.970Z,48.5896667,-119.5261667,-0.54,2.55,ml,17,105,0.6271,0.31,uw,uw61283392,2017-10-11T01:03:58.040Z,"14km SSW of Tonasket, Washington",earthquake,1.11,3.09,0.159,9,reviewed,uw,uw
2017-07-11T23:40:24.420Z,44.3798333,-122.4308333,12.4,2.52,ml,22,80,0.1137,0.55,uw,uw61281277,2017-10-06T23:56:15.040Z,"24km E of Sweet Home, Oregon",earthquake,0.84,4.32,0.275,15,reviewed,uw,uw
2017-07-11T10:30:29.510Z,46.8845,-121.6476667,5.54,2.8,ml,25,106,0.05912,0.13,uw,uw61281132,2017-10-06T23:56:14.040Z,"30km N of Packwood, Washington",earthquake,0.32,0.31,0.225,13,reviewed,uw,uw
2017-07-09T16:03:42.560Z,48.5808333,-119.5625,3.82,2.89,ml,22,103,0.6125,0.24,uw,uw61280627,2017-10-06T23:56:11.040Z,"16km SSW of Tonasket, Washington",earthquake,0.49,0.86,0.138,12,reviewed,uw,uw
2017-07-09T00:27:13.900Z,46.1635,-123.1088333,23.09,2.51,ml,29,70,0.05635,0.17,uw,uw61280487,2017-10-06T23:56:10.040Z,"8km W of West Longview, Washington",earthquake,0.37,0.56,0.113,24,reviewed,uw,uw
2017-07-03T16:35:55.030Z,48.5966667,-121.3695,-1.09,3.09,ml,16,165,0.1095,0.13,uw,uw61279177,2018-02-22T04:43:09.301Z,"20km NE of Rockport, Washington",earthquake,0.38,1.29,0.163,11,reviewed,uw,uw
2017-06-29T08:40:03.370Z,48.7741667,-122.6071667,16.27,3.1,ml,31,99,0.1771,0.21,uw,uw61297016,2017-09-27T02:03:18.040Z,"4km S of Marietta, Washington",earthquake,0.37,1.4,0.204,22,reviewed,uw,uw
2017-06-25T03:25:14.610Z,48.2565,-121.6675,8.47,2.92,ml,24,74,0.1843,0.32,uw,uw61276967,2017-09-27T02:03:11.040Z,"4km W of Darrington, Washington",earthquake,0.59,1.52,0.189,16,reviewed,uw,uw
2017-06-16T03:55:25.800Z,47.8403333,-122.8856667,56.45,3.69,ml,62,31,0.03217,0.15,uw,uw61293181,2017-08-18T23:13:29.040Z,"17km WSW of Port Ludlow, Washington",earthquake,0.36,0.49,0.186,61,reviewed,uw,uw
2017-06-01T16:02:57.740Z,45.0576667,-123.0955,22.48,2.96,ml,32,60,0.1947,0.22,uw,uw61272097,2018-06-26T15:33:50.096Z,"9km NW of Keizer, Oregon",earthquake,0.3,0.98,0.125,22,reviewed,uw,uw
2017-05-21T20:43:51.280Z,47.5815,-122.5818333,24.03,2.77,ml,43,37,0.009269,0.24,uw,uw61268327,2017-08-10T01:33:57.040Z,"1km ESE of Enetai, Washington",earthquake,0.33,0.55,0.202,38,reviewed,uw,uw
2017-05-18T18:15:32.560Z,47.5931667,-122.5891667,25.11,2.5,ml,33,36,0.01626,0.32,uw,uw61267487,2017-08-05T03:32:11.040Z,"1km NE of Enetai, Washington",earthquake,0.48,0.65,0.286,28,reviewed,uw,uw
2017-05-11T17:56:35.950Z,47.9616667,-122.4663333,23.67,3.43,ml,39,55,0.06328,0.19,uw,uw61265222,2017-08-01T23:02:30.040Z,"6km SE of Freeland, Washington",earthquake,0.29,0.62,0.183,39,reviewed,uw,uw
2017-05-11T09:36:36.720Z,47.5896667,-122.5646667,21.55,2.6,ml,41,37,0.02563,0.15,uw,uw61265082,2017-08-01T23:02:29.040Z,"2km ENE of Enetai, Washington",earthquake,0.26,0.54,0.202,37,reviewed,uw,uw
2017-05-11T07:35:24.720Z,47.5886667,-122.5841667,24.06,3.47,ml,60,37,0.03728,0.2,uw,uw61265017,2018-04-02T22:53:46.987Z,"1km ENE of Enetai, Washington",earthquake,0.28,0.43,0.234,54,reviewed,uw,uw
2017-05-10T08:14:32.090Z,47.5791667,-122.584,24.5,3.38,ml,57,37,0.0366,0.21,uw,uw61264612,2017-08-01T23:02:25.040Z,"1km ESE of Enetai, Washington",earthquake,0.28,0.41,0.264,53,reviewed,uw,uw
2017-05-03T19:20:36.470Z,47.5693333,-122.5995,26.51,3.31,ml,27,41,0.02666,0.16,uw,uw61277931,2019-07-03T10:40:46.130Z,"1km S of Enetai, Washington",earthquake,0.32,0.47,0.28,24,reviewed,uw,uw
2017-04-20T05:07:03.640Z,48.1763333,-122.7573333,23.26,3.01,ml,36,36,0.1402,0.25,uw,uw61272661,2017-07-11T01:48:38.040Z,"7km N of Port Townsend, Washington",earthquake,0.34,0.88,0.173,30,reviewed,uw,uw
2017-04-15T19:06:43.970Z,44.4392,-124.6165,36.68,2.7,ml,,140,0.393,0.86,us,us10008hyg,2017-07-05T18:10:01.040Z,"43km W of Waldport, Oregon",earthquake,1.8,7.4,0.203,12,reviewed,uw,uw
2017-04-15T14:48:35.220Z,44.4357,-124.6193,37.67,3.9,mb,,130,0.394,1.18,us,us10008hwk,2017-07-05T18:10:01.040Z,"43km W of Waldport, Oregon",earthquake,3.2,8,0.154,11,reviewed,uw,us
2017-03-14T23:43:19.630Z,46.4483333,-122.332,11.75,3.21,ml,33,70,0.1524,0.13,uw,uw61257321,2017-06-07T00:33:39.040Z,"12km SSW of Morton, Washington",earthquake,0.27,1.17,0.263,18,reviewed,uw,uw
2017-03-11T23:49:58.920Z,48.5931667,-123.0493333,11.8,2.59,ml,17,78,0.05301,0.28,uw,uw61256461,2017-05-31T01:59:02.040Z,"6km NNW of Friday Harbor, Washington",earthquake,0.46,0.91,0.197,12,reviewed,uw,uw
2017-02-26T13:59:18.620Z,47.0756667,-120.9966667,4.01,3.15,ml,37,47,0.1069,0.17,uw,uw61252706,2017-05-24T02:48:08.040Z,"14km SSW of Cle Elum, Washington",earthquake,0.29,0.65,0.165,15,reviewed,uw,uw
2017-02-23T04:59:04.050Z,47.4801667,-123.035,15.44,4.09,ml,58,34,0.1653,0.25,uw,uw61251926,2018-07-05T18:19:31.970Z,"15km WNW of Belfair, Washington",earthquake,0.3,0.59,0.184,47,reviewed,uw,uw
2017-02-19T19:27:48.570Z,47.3868333,-122.6555,7.53,2.65,ml,32,64,0.1388,0.26,uw,uw61251016,2017-05-17T01:19:32.040Z,"1km NW of Wauna, Washington",earthquake,0.41,1.05,0.113,29,reviewed,uw,uw
2017-02-15T21:55:43.310Z,45.7528333,-118.5953333,6.97,2.85,ml,13,134,0.3507,0.25,uw,uw61250371,2017-05-13T01:03:21.040Z,"10km SW of Athena, Oregon",earthquake,0.55,1.66,0.098,9,reviewed,uw,uw
2017-02-01T20:34:10.140Z,48.6005,-123.066,13.76,2.77,ml,22,84,0.06489,0.17,uw,uw61248041,2017-04-27T01:38:41.040Z,"8km NNW of Friday Harbor, Washington",earthquake,0.3,0.71,0.181,17,reviewed,uw,uw
2017-01-30T11:03:16.720Z,48.6111667,-123.0711667,14.59,3.09,ml,28,78,0.07578,0.3,uw,uw61247601,2019-04-06T06:24:21.946Z,"9km NNW of Friday Harbor, Washington",earthquake,0.43,0.89,0.222,22,reviewed,uw,uw
2017-01-30T02:27:52.840Z,48.611,-123.0718333,14.62,2.81,ml,27,78,0.07586,0.28,uw,uw61247496,2017-04-27T01:38:38.040Z,"9km NNW of Friday Harbor, Washington",earthquake,0.42,0.91,0.19,19,reviewed,uw,uw
2017-01-24T13:44:01.000Z,48.7341667,-123.0225,17.8,2.54,ml,19,114,0.1073,0.32,uw,uw61230137,2017-04-19T18:30:58.040Z,"22km N of Friday Harbor, Washington",earthquake,0.67,1.22,0.094,16,reviewed,uw,uw
2017-01-22T20:05:13.900Z,47.5348333,-123.5266667,42.15,3.58,ml,69,35,0.1949,0.16,uw,uw61230002,2017-04-19T18:30:55.040Z,"25km ENE of Quinault Census Designated Place, Washington",earthquake,0.23,0.55,0.166,57,reviewed,uw,uw
2017-01-22T13:02:25.100Z,47.3995,-121.592,3.64,3.13,ml,53,40,0.1149,0.48,uw,uw61229917,2017-04-19T18:30:55.040Z,"14km ESE of Riverbend, Washington",earthquake,0.53,1.78,0.178,37,reviewed,uw,uw
2017-01-20T08:20:05.100Z,47.2778333,-123.7998333,-0.33,2.58,ml,17,118,0.1233,0.49,uw,uw61229607,2017-04-12T02:29:03.040Z,"21km S of Quinault Census Designated Place, Washington",earthquake,0.93,1.59,0.14,14,reviewed,uw,uw
2017-01-11T11:20:36.710Z,47.212,-122.4903333,12.59,2.6,ml,33,90,0.0292,0.24,uw,uw61228202,2017-04-01T00:26:08.040Z,"3km SSE of Fircrest, Washington",earthquake,0.38,0.77,0.251,39,reviewed,uw,uw
2016-12-20T12:45:50.490Z,42.444,-124.4883333,19.34,2.6,ml,11,235,0.3024,0.29,uw,uw61241086,2017-03-16T02:31:31.040Z,"6km NW of Gold Beach, Oregon",earthquake,1.05,1.09,0.153,7,reviewed,uw,uw
2016-12-09T09:50:29.960Z,46.3088333,-122.0318333,7.02,3.33,ml,37,100,0.09698,0.13,uw,uw61238371,2017-03-09T02:14:24.040Z,"33km SE of Morton, Washington",earthquake,0.33,0.8,0.16,21,reviewed,uw,uw
2016-12-05T06:42:00.930Z,43.2698333,-124.4413333,15.79,3.3,ml,17,195,0.181,0.52,uw,uw61221842,2017-03-03T07:06:03.040Z,"14km SW of Barview, Oregon",earthquake,1.18,1.59,0.054,8,reviewed,uw,uw
2016-11-07T17:14:55.110Z,48.1638333,-122.762,24.03,2.96,ml,33,34,0.1335,0.25,uw,uw61229521,2017-02-02T02:21:03.040Z,"5km N of Port Townsend, Washington",earthquake,0.35,0.92,0.117,25,reviewed,uw,uw
2016-11-02T14:52:19.070Z,46.1963333,-124.0156667,37.97,3.55,ml,21,171,0.08564,0.5,uw,uw61227486,2017-01-24T02:02:15.040Z,"7km WNW of Warrenton, Oregon",earthquake,1.49,1.07,0.161,35,reviewed,uw,uw
2016-10-22T17:17:05.380Z,47.5378333,-121.9173333,24.22,3,ml,55,42,0.05321,0.22,uw,uw61224716,2017-04-02T04:46:31.088Z,"3km SSW of Fall City, Washington",earthquake,0.29,0.5,0.179,48,reviewed,uw,uw
2016-10-10T09:14:42.220Z,46.9165,-120.4378333,8.18,3.08,ml,44,64,0.08917,0.19,uw,uw61204087,2017-04-02T04:41:20.968Z,"7km SSW of Kittitas, Washington",earthquake,0.36,0.99,0.106,12,reviewed,uw,uw
2016-10-08T12:05:43.800Z,44.3685,-116.1895,5,2.6,ml,,59,0.731,0.67,us,us20007cst,2017-01-07T00:20:46.040Z,"20km SW of Cascade, Idaho",earthquake,1.5,7.4,0.226,8,reviewed,us,mb
2016-10-06T06:06:19.650Z,47.188,-123.4506667,41.09,2.61,ml,27,51,0.1501,0.16,uw,uw61202567,2017-01-03T21:10:46.040Z,"20km N of Elma, Washington",earthquake,0.36,0.59,0.175,18,reviewed,uw,uw
2016-10-04T04:29:22.630Z,45.163,-122.9108333,23.7,3.03,ml,41,37,0.1899,0.24,uw,uw61201937,2017-12-14T02:21:01.271Z,"4km WNW of Woodburn, Oregon",earthquake,0.3,0.96,0.111,27,reviewed,uw,uw
2016-10-03T11:48:29.650Z,47.6408333,-123.162,45.1,2.58,ml,36,48,0.0724,0.17,uw,uw61201732,2017-01-03T21:10:42.040Z,"25km W of Seabeck, Washington",earthquake,0.31,0.61,0.133,114,reviewed,uw,uw
2016-10-02T18:09:20.240Z,47.4706667,-121.9588333,23.81,2.92,ml,54,41,0.06297,0.18,uw,uw61201467,2017-04-02T04:36:23.413Z,"2km ENE of Mirrormont, Washington",earthquake,0.25,0.52,0.157,156,reviewed,uw,uw
2016-09-20T14:06:11.030Z,46.6882,-116.4178,10,2.7,ml,,70,0.908,0.48,us,us10006r2b,2016-12-12T23:01:33.040Z,"26km NNW of Orofino, Idaho",earthquake,2.6,2,0.279,15,reviewed,us,mb
2016-09-17T00:29:39.270Z,47.936,-123.2313333,40.72,2.77,ml,30,48,0.1264,0.27,uw,uw61209596,2016-12-12T23:01:26.040Z,"18km SSW of Sequim, Washington",earthquake,0.51,0.67,0.15,121,reviewed,uw,uw
2016-09-07T06:50:25.040Z,48.7446667,-122.2888333,17.97,3.16,ml,18,83,0.1384,0.19,uw,uw61205071,2016-12-03T02:54:46.040Z,"4km ENE of Sudden Valley, Washington",earthquake,0.45,1.06,0.177,122,reviewed,uw,uw
2016-08-25T17:45:23.640Z,44.854,-117.8953333,19.03,2.83,ml,12,201,0.8712,0.48,uw,uw61184772,2016-11-19T04:58:39.040Z,"10km NNW of Baker City, Oregon",earthquake,2.6,2.14,0.349,29,reviewed,uw,uw
2016-08-18T14:11:46.360Z,46.5395,-121.6138333,0.45,2.77,ml,27,208,0.2506,0.09,uw,uw61180827,2016-11-15T02:21:53.040Z,"8km SSE of Packwood, Washington",earthquake,0.52,31.61,0.153,119,reviewed,uw,uw
2016-08-10T22:30:02.580Z,48.9451667,-120.6663333,11.25,2.59,ml,12,145,0.6733,0.31,uw,uw61192606,2016-10-26T03:10:25.040Z,"43km NNW of Mazama, Washington",earthquake,0.91,31.61,0.149,45,reviewed,uw,uw
2016-07-31T18:53:27.990Z,47.1668333,-123.7083333,35.24,3.5,ml,43,95,0.06579,0.22,uw,uw61173722,2016-10-19T04:51:59.040Z,"21km N of Central Park, Washington",earthquake,0.32,0.66,0.144,165,reviewed,uw,uw
2016-07-17T01:16:43.880Z,45.4748333,-122.8133333,26.65,3.03,ml,42,51,0.03341,0.2,uw,uw61167147,2016-09-17T01:27:47.040Z,"1km SSW of Beaverton, Oregon",earthquake,0.23,0.41,0.178,134,reviewed,uw,uw
2016-07-01T21:18:02.470Z,47.9926667,-121.8706667,17.64,2.63,ml,25,56,0.09529,0.26,uw,uw61176281,2016-09-02T21:36:33.040Z,"11km ENE of Three Lakes, Washington",earthquake,0.43,1,0.144,94,reviewed,uw,uw
2016-07-01T20:18:29.660Z,47.9971667,-121.8856667,18.38,3.01,ml,29,52,0.09893,0.3,uw,uw61176216,2017-04-02T04:31:20.604Z,"11km SSE of Granite Falls, Washington",earthquake,0.43,1.02,0.164,124,reviewed,uw,uw
2016-07-01T18:36:27.990Z,47.9955,-121.8761667,20.13,3.4,ml,32,53,0.09767,0.23,uw,uw61176166,2017-04-02T04:26:22.944Z,"11km ENE of Three Lakes, Washington",earthquake,0.35,0.93,0.186,140,reviewed,uw,uw
2016-06-27T22:04:28.370Z,42.394,-124.4921667,21.07,2.89,ml,16,210,0.07558,0.35,uw,uw61159352,2016-08-31T03:08:20.040Z,"5km WSW of Gold Beach, Oregon",earthquake,1.23,0.67,0.157,33,reviewed,uw,uw
2016-06-24T08:38:34.340Z,47.2858333,-122.2818333,20.64,2.93,ml,65,42,0.06511,0.26,uw,uw61157732,2016-08-31T03:08:13.040Z,"0km N of Lakeland South, Washington",earthquake,0.3,0.53,0.13,143,reviewed,uw,uw
2016-06-18T22:09:11.910Z,45.6413333,-116.2918333,38.23,2.71,md,3,292,2.519,2.05,uw,uw61170126,2016-08-01T17:50:40.030Z,southern Idaho,earthquake,19.29,31.61,0.013,2,reviewed,uw,uw
2016-05-28T08:29:32.830Z,48.1971667,-122.188,19.93,2.51,ml,43,48,0.1901,0.24,uw,uw61145517,2016-08-10T22:30:24.040Z,"4km W of Arlington, Washington",earthquake,0.32,1.14,0.167,83,reviewed,uw,uw
2016-05-27T13:44:29.270Z,46.5735,-122.6418333,22.23,2.55,ml,40,43,0.05413,0.17,uw,uw61144942,2016-08-10T22:30:23.040Z,"21km E of Napavine, Washington",earthquake,0.34,0.79,0.217,82,reviewed,uw,uw
2016-04-05T18:06:36.360Z,48.3976667,-122.8368333,52.16,3.45,ml,38,30,0.1519,0.19,uw,uw61123512,2017-04-02T04:16:24.504Z,"13km WNW of Ault Field, Washington",earthquake,0.43,0.88,0.142,150,reviewed,uw,uw
2016-03-06T06:35:10.330Z,47.5366667,-122.857,18.94,2.58,ml,21,48,0.03501,0.21,uw,uw61113732,2016-07-22T20:03:45.680Z,"9km NNW of Belfair, Washington",earthquake,0.45,0.64,0.178,97,reviewed,uw,uw
2016-02-23T12:38:43.920Z,47.5406667,-122.8016667,21.73,2.7,ml,34,41,0.01187,0.27,uw,uw61127481,2016-07-22T20:03:20.510Z,"9km SW of Erlands Point-Kitsap Lake, Washington",earthquake,0.44,0.6,0.179,117,reviewed,uw,uw
2016-02-20T17:27:22.360Z,47.5461667,-122.815,23.97,3.42,ml,54,42,0.0192,0.33,uw,uw61127051,2018-10-19T21:32:46.197Z,"10km SW of Erlands Point-Kitsap Lake, Washington",earthquake,0.39,0.67,0.145,190,reviewed,uw,uw
2016-02-19T00:49:19.060Z,44.827,-117.1955,7,2.52,ml,7,214,0.08265,0.52,uw,uw61126541,2016-07-22T20:03:08.830Z,"50km E of Baker City, Oregon",earthquake,2.11,3.63,0.179,5,reviewed,uw,uw
2016-02-09T19:04:55.770Z,47.286,-122.2875,24.71,2.54,ml,38,43,0.06173,0.31,uw,uw61107887,2016-07-22T20:02:49.800Z,"0km NNW of Lakeland South, Washington",earthquake,0.46,0.68,0.125,95,reviewed,uw,uw
2016-02-08T16:50:07.960Z,46.1168333,-122.1626667,5.739,2.85,ml,27,90,0.01967,0.15,uw,uw61107642,2016-07-22T20:02:46.810Z,"31km NE of Amboy, Washington",earthquake,0.31,0.28,0.147,119,reviewed,uw,uw
2016-02-05T22:13:02.370Z,47.2761667,-122.2915,24.73,2.57,ml,32,40,0.05533,0.3,uw,uw61107312,2016-07-22T20:02:43.230Z,"0km WSW of Lakeland South, Washington",earthquake,0.52,0.76,0.122,96,reviewed,uw,uw
2016-01-05T14:41:22.000Z,48.3025,-122.0661667,13.16,2.62,ml,16,50,0.04329,0.15,uw,uw61116876,2016-07-22T20:01:49.710Z,"9km NE of Bryant, Washington",earthquake,0.35,0.57,0.161,72,reviewed,uw,uw
2016-01-02T04:50:25.720Z,46.5301667,-121.3475,8.67,3.06,ml,23,80,0.1837,0.16,uw,uw61115856,2016-07-22T20:01:42.870Z,"26km ESE of Packwood, Washington",earthquake,0.5,0.84,0.134,108,reviewed,uw,uw
2015-12-30T07:39:29.310Z,48.5865,-123.3003333,52.42,4.79,ml,27,81,0.1167,0.19,uw,uw61114971,2019-05-07T21:47:57.354Z,"17km NNE of Victoria, Canada",earthquake,0.43,0.67,0.137,178,reviewed,uw,uw
2015-12-21T12:59:44.790Z,47.2988333,-121.7563333,20.35,2.5,ml,31,87,0.09957,0.2,uw,uw61113181,2016-07-22T20:01:32.610Z,"16km E of Black Diamond, Washington",earthquake,0.39,0.57,0.147,75,reviewed,uw,uw
2015-11-30T23:20:22.090Z,47.0048,-116.8914,1,2.5,ml,,66,1.057,1.59,us,us100042bu,2016-07-22T20:01:05.640Z,"31km NNE of Moscow, Idaho",earthquake,2.4,5,0.302,13,reviewed,us,mb
2015-11-30T18:36:23.880Z,48.2105,-122.351,16.043,2.88,ml,24,43,0.1787,0.32,uw,uw61094672,2016-07-22T20:01:04.760Z,"3km SSE of Stanwood, Washington",earthquake,0.54,1.88,0.247,113,reviewed,uw,uw
2015-11-25T21:20:37.210Z,48.1238333,-121.2148333,3.78,3.4,ml,28,116,0.0519,0.29,uw,uw61093837,2017-04-02T04:11:19.048Z,"32km ESE of Darrington, Washington",earthquake,0.48,0.97,0.116,163,reviewed,uw,uw
2015-11-25T20:11:58.770Z,48.1305,-121.1963333,9.61,3.04,ml,23,118,0.04115,0.27,uw,uw61093822,2017-04-02T04:06:12.249Z,"33km ESE of Darrington, Washington",earthquake,0.6,1.89,0.126,119,reviewed,uw,uw
2015-11-24T12:14:28.360Z,48.2778333,-116.2973333,3.67,2.52,md,5,201,0.5516,0.25,uw,uw61093407,2016-07-22T20:00:51.310Z,"23km ESE of Sandpoint, Idaho",earthquake,10.98,11.85,0.474,6,reviewed,uw,uw
2015-11-23T21:03:23.790Z,48.0432,-116.2383,5,3.7,ml,,39,0.632,1.05,us,us100040ja,2016-07-22T20:00:49.830Z,"34km SE of Sandpoint, Idaho",earthquake,2.8,1.9,0.239,17,reviewed,us,mb
2015-11-20T06:26:17.180Z,47.8601667,-122.4801667,27.14,2.69,ml,56,32,0.06131,0.32,uw,uw61092202,2017-05-10T08:27:34.850Z,"6km N of Kingston, Washington",earthquake,0.47,0.73,0.139,140,reviewed,uw,uw
2015-11-19T08:02:30.570Z,46.2505,-122.4445,17.42,2.66,ml,33,79,0.08437,0.16,uw,uw61091802,2016-07-22T20:00:39.310Z,"35km E of Castle Rock, Washington",earthquake,0.39,0.65,0.171,103,reviewed,uw,uw
2015-11-18T14:15:06.060Z,46.537,-121.6131667,-1.43,2.64,ml,21,207,0.02058,0.12,uw,uw61091382,2016-07-22T20:00:37.290Z,"8km SSE of Packwood, Washington",earthquake,0.63,0.8,0.155,91,reviewed,uw,uw
2015-11-12T16:16:30.550Z,45.6816667,-122.7548333,22.196,2.69,ml,41,67,0.07065,0.14,uw,uw61104171,2016-07-22T20:00:29.740Z,"4km SW of Felida, Washington",earthquake,0.29,0.43,0.168,103,reviewed,uw,uw
2015-11-10T21:00:12.000Z,47.9961667,-124.634,37.85,2.62,ml,18,200,0.06669,0.4,uw,uw61103666,2016-07-22T20:00:26.540Z,"19km WNW of Forks, Washington",earthquake,1.64,1.38,0.133,60,reviewed,uw,uw
2015-11-02T13:20:01.010Z,47.4306667,-122.0058333,23.79,2.7,ml,48,55,0.08681,0.27,uw,uw61086292,2016-07-22T19:59:55.310Z,"2km WNW of Hobart, Washington",earthquake,0.33,0.61,0.191,130,reviewed,uw,uw
2015-10-29T04:35:40.830Z,46.4861667,-122.308,20.53,3.16,ml,62,31,0.08084,0.16,uw,uw61084992,2016-07-22T19:59:46.850Z,"8km SSW of Morton, Washington",earthquake,0.25,0.63,0.158,159,reviewed,uw,uw
2015-10-26T06:11:01.280Z,43.529,-121.7233333,5.82,2.89,ml,28,74,0.03217,0.16,uw,uw61083597,2016-07-22T19:59:37.540Z,"23km SW of La Pine, Oregon",earthquake,0.34,0.28,0.208,68,reviewed,uw,uw
2015-10-24T03:55:05.960Z,43.5321667,-121.7233333,0.7,2.79,ml,24,81,0.302,0.14,uw,uw61082862,2016-07-22T19:59:30.200Z,"23km SW of La Pine, Oregon",earthquake,0.34,1.1,0.161,75,reviewed,uw,uw
2015-10-17T10:13:00.450Z,48.3028333,-119.0028333,0.15,2.54,ml,16,112,0.2274,0.15,uw,uw61079477,2016-07-22T19:58:58.550Z,"37km N of Coulee Dam, Washington",earthquake,0.52,13.7,0.154,39,reviewed,uw,uw
2015-10-15T11:10:09.620Z,47.3363333,-122.7076667,29.88,2.72,ml,31,76,0.1637,0.28,uw,uw61078567,2016-07-22T19:58:49.540Z,"2km E of Key Center, Washington",earthquake,0.47,0.9,0.178,150,reviewed,uw,uw
2015-10-15T07:00:32.390Z,47.3295,-122.7253333,29.782,2.63,ml,37,91,0.1215,0.25,uw,uw61078507,2016-07-22T19:58:47.810Z,"1km SE of Key Center, Washington",earthquake,0.35,0.73,0.158,132,reviewed,uw,uw
2015-10-14T03:07:05.540Z,47.9321667,-121.5728333,3.47,2.78,ml,27,55,0.1842,0.19,uw,uw61077957,2016-07-22T19:58:43.260Z,"12km NE of Gold Bar, Washington",earthquake,0.3,1.42,0.124,112,reviewed,uw,uw
2015-09-12T22:22:12.400Z,47.5178333,-121.7498333,18.83,3.86,ml,59,56,0.0866,0.32,uw,uw61064752,2019-01-21T01:42:35.986Z,"3km NE of North Bend, Washington",earthquake,0.47,0.69,0.151,213,reviewed,uw,uw
2015-09-03T22:29:21.660Z,46.3561667,-122.2631667,10.42,2.99,ml,50,36,0.03242,0.15,uw,uw61074446,2016-07-22T19:57:03.310Z,"22km S of Morton, Washington",earthquake,0.29,0.4,0.147,137,reviewed,uw,uw
2015-09-01T16:42:45.630Z,48.3073333,-119.0193333,9.13,4.15,ml,15,112,0.2156,0.08,uw,uw61073836,2017-04-04T16:28:32.437Z,"38km N of Coulee Dam, Washington",earthquake,0.39,0.66,0.141,176,reviewed,uw,uw
2015-08-24T14:33:44.070Z,46.754,-122.1788333,11.05,2.8,ml,46,55,0.2345,0.16,uw,uw61057477,2016-07-22T19:56:43.200Z,"14km SSE of Eatonville, Washington",earthquake,0.22,2.16,0.165,129,reviewed,uw,uw
2015-08-09T09:35:40.420Z,47.2495,-120.747,4.33,2.91,ml,30,38,0.05516,0.3,uw,uw61064016,2016-07-22T19:56:11.510Z,"15km ENE of Cle Elum, Washington",earthquake,0.36,0.68,0.172,111,reviewed,uw,uw
2015-08-08T00:14:04.000Z,46.56,-116.383,10.8,2.9,ml,,68,0.828,1.32,us,us100030d5,2016-07-22T19:56:10.740Z,"13km NW of Orofino, Idaho",earthquake,2.9,5.9,,,reviewed,mb,mb
2015-08-01T11:55:47.450Z,48.2765,-116.3248333,-0.76,2.52,md,7,196,0.5332,0.76,uw,uw61048142,2016-07-22T19:55:59.840Z,"22km SE of Sandpoint, Idaho",earthquake,3.97,6,0.293,8,reviewed,uw,uw
2015-07-15T21:23:01.140Z,47.9558333,-122.9713333,46.12,2.54,ml,24,57,0.1287,0.21,uw,uw61055256,2016-07-22T19:53:33.790Z,"16km SE of Sequim, Washington",earthquake,0.66,0.66,0.194,60,reviewed,uw,uw
2015-07-12T13:01:42.410Z,48.2476667,-121.6806667,9.28,2.55,ml,15,81,0.1732,0.1,uw,uw61041047,2016-07-22T19:53:26.880Z,"6km W of Darrington, Washington",earthquake,0.3,0.83,0.159,103,reviewed,uw,uw
2015-07-11T21:36:03.880Z,42.571,-124.4801667,9.675,2.59,ml,18,216,0.1381,0.35,uw,uw61040957,2016-07-22T19:53:26.050Z,"18km NNW of Gold Beach, Oregon",earthquake,0.99,2.11,0.109,24,reviewed,uw,uw
2015-07-04T15:42:18.050Z,44.0895,-122.831,7.95,4.14,ml,24,42,0.1257,0.26,uw,uw61037147,2017-07-01T21:55:11.784Z,"15km ENE of Springfield, Oregon",earthquake,0.41,2.3,0.152,194,reviewed,uw,uw
2015-06-26T13:29:46.750Z,44.3572,-124.4485,28.65,2.5,ml,,230,0.5,1.28,us,us10002lwa,2018-08-31T18:51:18.490Z,"31km WSW of Waldport, Oregon",earthquake,2.6,7.1,0.123,15,reviewed,uw,uw
2015-06-25T13:24:47.560Z,45.4891667,-123.4406667,51.602,3.13,ml,31,61,0.1504,0.1,uw,uw61046476,2016-07-22T19:52:48.910Z,"25km NW of Yamhill, Oregon",earthquake,0.28,0.68,0.173,146,reviewed,uw,uw
2015-06-18T17:47:31.480Z,46.1495,-120.698,11.989,2.99,ml,35,48,0.1786,0.22,uw,uw61029517,2016-07-22T19:52:28.720Z,"37km NNE of Goldendale, Washington",earthquake,0.38,1.41,0.148,120,reviewed,uw,uw
2015-06-15T05:51:35.100Z,47.6748333,-120.3326667,3.717,2.59,ml,22,50,0.0707,0.13,uw,uw61026892,2016-07-22T19:52:24.160Z,"9km W of Entiat, Washington",earthquake,0.24,1.37,0.16,83,reviewed,uw,uw
2015-06-13T04:16:28.090Z,48.256,-116.3814,14.39,3.1,ml,,140,0.495,0.76,us,us20002pl4,2015-08-20T00:43:56.040Z,"12km E of Sandpoint, Idaho",earthquake,4.5,7.6,0.051,50,reviewed,us,us
2015-06-04T13:48:24.310Z,46.4851667,-122.409,18.325,2.75,ml,48,36,0.1306,0.12,uw,uw61020742,2016-07-22T19:52:07.260Z,"13km SW of Morton, Washington",earthquake,0.21,0.64,0.188,123,reviewed,uw,uw
2015-05-29T07:03:55.410Z,48.3126667,-122.0816667,11.701,2.69,ml,19,96,0.04954,0.23,uw,uw61026271,2016-07-22T19:51:54.760Z,"9km NE of Bryant, Washington",earthquake,0.48,0.79,0.17,39,reviewed,uw,uw
2015-05-19T00:11:40.350Z,48.2315,-116.3785,2.61,2.78,md,7,193,0.4985,0.62,uw,uw61005747,2016-07-22T19:51:29.910Z,"24km SE of Sandpoint, Idaho",earthquake,6.06,7.62,0.324,7,reviewed,uw,uw
2015-05-15T22:42:43.620Z,45.2021667,-121.2685,12.983,2.92,ml,21,48,0.05257,0.14,uw,uw61003707,2017-04-02T03:51:15.329Z,"44km S of The Dalles, Oregon",earthquake,0.43,0.53,0.164,132,reviewed,uw,uw
2015-05-12T11:53:15.180Z,48.3271667,-124.7646667,11.768,2.55,ml,16,160,0.09762,0.26,uw,uw61001162,2016-07-22T19:51:12.480Z,"11km WSW of Neah Bay, Washington",earthquake,1.24,2.2,0.184,38,reviewed,uw,uw
2015-05-07T08:42:35.250Z,48.3358333,-122.0843333,10.113,3.58,ml,51,38,0.07221,0.36,uw,uw60998397,2019-07-13T07:11:02.115Z,"12km NNE of Bryant, Washington",earthquake,0.56,0.94,0.15,195,reviewed,uw,uw
2015-04-24T18:39:11.800Z,48.2582,-116.3358,20.58,2.7,ml,,139,0.525,0.88,us,us2000290q,2016-07-12T19:43:59.550Z,"15km ESE of Ponderay, Idaho",earthquake,3.2,8.1,0.054,45,reviewed,us,us
2015-04-24T08:28:28.940Z,48.1995,-116.3732,10,3.3,ml,,79,0.505,0.79,us,us200028sf,2016-07-22T19:48:54.990Z,"15km ESE of Sandpoint, Idaho",earthquake,2.4,2,0.048,57,reviewed,us,us
2015-04-24T05:43:37.040Z,48.2186,-116.4109,16.57,3.9,mwr,,40,0.478,0.97,us,us200028ri,2016-07-22T19:48:52.920Z,"12km ESE of Sandpoint, Idaho",earthquake,4.2,7.3,0.093,11,reviewed,us,us
2015-04-24T03:49:14.950Z,44.9743,-116.7304,4.9,2.8,ml,,53,0.426,0.68,us,us200028qe,2016-07-22T19:48:52.600Z,"35km NW of Council, Idaho",earthquake,4.4,6.4,0.044,68,reviewed,us,us
2015-04-24T02:32:20.280Z,48.1367,-116.3641,9.35,3.7,mwr,,37,0.523,0.69,us,us200028q3,2018-02-22T04:41:39.352Z,"20km SE of Sandpoint, Idaho",earthquake,4.9,5.7,0.098,10,reviewed,us,us
2015-04-18T13:50:09.210Z,42.566,-124.4806667,20.612,2.76,ml,5,228,0.3245,0.15,uw,uw60109408,2016-07-22T19:48:41.570Z,"18km NNW of Gold Beach, Oregon",earthquake,0.67,0.83,0.091,29,reviewed,uw,uw
2015-04-18T13:49:52.060Z,42.5725,-124.4371667,19.312,2.74,ml,14,217,0.309,0.36,uw,uw60988592,2016-07-22T19:48:41.300Z,"18km N of Gold Beach, Oregon",earthquake,0.98,1,0.107,20,reviewed,uw,uw
2015-04-15T10:14:48.850Z,46.3451667,-122.2475,11.078,2.74,ml,47,38,0.02181,0.17,uw,uw60999111,2016-07-22T19:48:31.120Z,"23km S of Morton, Washington",earthquake,0.25,0.44,0.149,124,reviewed,uw,uw
2015-04-10T15:02:10.800Z,47.2503333,-120.7453333,3.179,3.19,ml,29,59,0.05396,0.3,uw,uw60985702,2016-07-22T19:48:21.690Z,"15km ENE of Cle Elum, Washington",earthquake,0.48,1.01,0.167,137,reviewed,uw,uw
2015-04-05T01:19:12.620Z,48.3058333,-121.854,-0.597,2.64,ml,30,45,0.121,0.23,uw,uw60993561,2016-07-22T19:48:07.380Z,"19km NE of Arlington Heights, Washington",earthquake,0.27,0.84,0.183,109,reviewed,uw,uw
2015-03-31T22:13:47.310Z,47.3771667,-122.7181667,23.641,2.59,ml,30,87,0.1303,0.18,uw,uw60991011,2016-07-22T19:47:57.960Z,"4km NNE of Key Center, Washington",earthquake,0.34,0.8,0.161,106,reviewed,uw,uw
2015-03-26T19:20:08.910Z,46.2583333,-116.4036667,-1.91,2.84,md,6,246,1.939,4.49,uw,uw60989361,2016-07-22T19:47:50.730Z,northern Idaho,earthquake,43.15,69.83,0.374,5,reviewed,uw,uw
2015-03-22T20:11:51.450Z,48.4123333,-116.6186667,11.07,2.88,md,13,223,1.349,1.63,uw,uw60987401,2016-07-22T19:47:39.810Z,northern Idaho,earthquake,31,48.28,0.082,3,reviewed,uw,uw
2015-02-18T09:04:11.550Z,47.2491667,-120.7526667,3.559,4.2,ml,40,38,0.05904,0.3,uw,uw60971201,2017-04-04T16:24:27.617Z,"15km ENE of Cle Elum, Washington",earthquake,0.37,0.79,0.153,219,reviewed,uw,uw
2015-02-13T19:02:42.800Z,48.0313333,-122.5868333,59.28,2.55,ml,32,36,0.1195,0.29,uw,uw60968206,2016-07-22T19:46:00.720Z,"5km WNW of Freeland, Washington",earthquake,0.61,1.1,0.176,109,reviewed,uw,uw
2015-01-29T17:37:05.580Z,47.7081667,-122.142,7.908,2.66,ml,47,45,0.0351,0.59,uw,uw60951447,2016-07-22T19:43:58.700Z,"3km SE of Kingsgate, Washington",earthquake,0.63,31.61,0.149,156,reviewed,uw,uw
2015-01-26T02:36:36.030Z,46.8375,-121.9176667,7.059,2.54,ml,45,46,0.05505,0.13,uw,uw60950382,2016-07-22T19:43:52.280Z,"26km E of Eatonville, Washington",earthquake,0.17,0.25,0.177,110,reviewed,uw,uw
2015-01-23T13:47:51.860Z,45.711,-118.5503333,20.01,3.51,ml,21,142,0.2449,0.12,uw,uw60949862,2017-04-02T03:36:13.813Z,"11km ENE of Mission, Oregon",earthquake,0.46,0.67,0.164,123,reviewed,uw,uw
2015-01-12T13:16:19.710Z,44.1518333,-122.8991667,7.751,2.61,ml,20,57,0.07738,0.26,uw,uw60946952,2016-07-22T19:43:30.360Z,"13km E of Coburg, Oregon",earthquake,0.34,1.48,0.198,85,reviewed,uw,uw
2015-01-12T12:52:22.510Z,44.7288,-116.0958,4.04,2.6,ml,,85,0.87,1.41,us,usc000tj57,2015-04-10T18:56:37.040Z,"20km S of McCall, Idaho",earthquake,4.6,7.9,,,reviewed,us,mb
2015-01-10T16:59:13.660Z,47.7971667,-124.7316667,23.057,3.04,ml,25,202,0.1872,0.41,uw,uw60946547,2016-07-22T19:43:27.190Z,"30km WSW of Forks, Washington",earthquake,1.26,1.6,0.146,107,reviewed,uw,uw
2015-01-08T21:09:45.510Z,46.6571667,-116.6211667,-0.74,2.72,md,4,267,1.644,2.97,uw,uw60946007,2016-07-22T19:43:25.470Z,northern Idaho,earthquake,33.55,64.75,0.315,4,reviewed,uw,uw
2014-12-29T23:33:10.740Z,47.6565,-120.3573333,3.499,2.81,ml,21,50,0.05477,0.15,uw,uw60943592,2016-07-22T19:43:05.430Z,"11km W of Entiat, Washington",earthquake,0.29,1.21,0.188,82,reviewed,uw,uw
2014-12-29T16:31:17.220Z,45.6453333,-122.7576667,19.728,2.51,ml,35,43,0.07171,0.13,uw,uw60943437,2016-07-22T19:43:04.260Z,"7km W of Vancouver, Washington",earthquake,0.22,0.33,0.126,83,reviewed,uw,uw
2014-12-19T14:01:06.920Z,44.9556667,-123.5536667,24.379,3.08,ml,30,105,0.2446,0.21,uw,uw60940797,2016-07-22T19:42:39.450Z,"12km SSE of Grand Ronde, Oregon",earthquake,0.41,1,0.175,123,reviewed,uw,uw
2014-12-17T01:18:53.700Z,43.1153333,-124.8546667,30.782,2.96,ml,15,278,0.8654,0.41,uw,uw60938712,2016-07-22T19:42:34.880Z,"36km W of Bandon, Oregon",earthquake,1.67,2.42,0.132,21,reviewed,uw,uw
2014-12-09T12:29:59.140Z,46.5283333,-121.7481667,4.071,2.58,ml,36,92,0.09925,0.14,uw,uw60942976,2016-07-22T19:42:23.340Z,"10km SW of Packwood, Washington",earthquake,0.32,0.67,0.157,73,reviewed,uw,uw
2014-12-05T00:56:37.540Z,48.6467,-123.912,14.83,2.6,ml,,83,0.306,0.66,us,usc000t3we,2016-07-22T19:42:13.550Z,"21km SW of Duncan, Canada",earthquake,1,3.1,0.161,21,reviewed,uw,uw
2014-12-04T09:11:06.100Z,45.6465,-116.0713,1.9,2.7,mc,28,50.39999597,0.8704675,0.48,mb,mb14169937,2014-12-04T23:20:33.825Z,"31km S of Grangeville, Idaho",earthquake,1.4,4.8,0.5,3,automatic,mb,mb
2014-11-28T16:06:28.640Z,46.5756667,-121.7505,1.041,2.57,ml,43,63,0.09813,0.16,uw,uw60925652,2016-07-22T19:41:58.750Z,"7km WSW of Packwood, Washington",earthquake,0.35,1.88,0.251,46,reviewed,uw,uw
2014-11-19T17:28:40.640Z,45.753,-121.827,5.122,2.82,ml,50,37,0.1031,0.17,uw,uw60920402,2016-07-22T19:41:37.430Z,"3km NNW of Carson, Washington",earthquake,0.3,0.45,0.203,80,reviewed,uw,uw
2014-11-12T11:50:43.620Z,44.1543333,-122.8928333,7.461,2.59,ml,17,65,0.07974,0.18,uw,uw60914012,2016-07-22T19:41:10.260Z,"14km E of Coburg, Oregon",earthquake,0.36,1.47,0.182,44,reviewed,uw,uw
2014-11-03T16:43:57.660Z,45.3511667,-117.1886667,2.765,3.35,ml,14,192,0.5055,0.76,uw,uw60915571,2017-04-02T03:30:59.671Z,"3km E of Joseph, Oregon",earthquake,2.67,6.15,0.351,22,reviewed,uw,uw
2014-10-31T04:47:00.530Z,47.9221667,-124.2585,-0.479,2.52,ml,18,113,0.161,0.35,uw,uw60913966,2016-07-22T19:40:42.660Z,"9km ESE of Forks, Washington",earthquake,0.54,1.24,0.164,34,reviewed,uw,uw
2014-10-27T07:41:41.010Z,44.3745,-124.4351667,29.62,2.95,ml,24,229,0.3737,0.29,uw,uw60910381,2016-07-22T19:40:36.650Z,"29km W of Waldport, Oregon",earthquake,1.18,31.61,0.168,47,reviewed,uw,uw
2014-10-24T10:02:49.630Z,48.857,-122.8353333,16.89,2.78,ml,25,164,0.142,0.19,uw,uw60909186,2016-07-22T19:40:32.770Z,"9km SW of Birch Bay, Washington",earthquake,0.49,0.98,0.276,34,reviewed,uw,uw
2014-10-13T15:24:01.020Z,47.652,-121.9676667,7.78,2.87,ml,37,76,0.04763,0.54,uw,uw60891637,2016-07-22T19:40:09.590Z,"2km N of Ames Lake, Washington",earthquake,0.59,1.34,0.18,132,reviewed,uw,uw
2014-10-12T06:24:59.130Z,47.1013333,-122.737,58.065,3.5,ml,80,33,0.1257,0.2,uw,uw60891152,2017-04-02T03:26:20.224Z,"6km NNE of Tanglewilde-Thompson Place, Washington",earthquake,0.3,0.66,0.199,213,reviewed,uw,uw
2014-10-11T11:12:06.490Z,47.6926667,-121.94,24.822,2.55,ml,52,66,0.08036,0.33,uw,uw60890817,2016-07-22T19:40:00.160Z,"1km W of Lake Marcel-Stillwater, Washington",earthquake,0.48,0.78,0.188,75,reviewed,uw,uw
2014-09-24T15:17:32.450Z,45.1385,-122.6191667,28.561,2.65,ml,18,93,0.1202,0.1,uw,uw60886161,2016-07-22T19:38:35.840Z,"3km WSW of Molalla, Oregon",earthquake,0.3,0.6,0.187,47,reviewed,uw,uw
2014-09-24T11:59:40.470Z,44.8245,-123.7935,53.375,2.75,ml,23,133,0.2696,0.35,uw,uw60885986,2016-07-22T19:38:35.490Z,"13km NE of Siletz, Oregon",earthquake,0.88,1.36,0.148,76,reviewed,uw,uw
2014-09-17T10:06:12.840Z,47.5613333,-123.0091667,16.201,3.98,ml,64,72,0.06053,0.39,uw,uw60881241,2019-07-13T20:34:20.277Z,"16km WSW of Seabeck, Washington",earthquake,0.47,0.79,0.206,249,reviewed,uw,uw
2014-09-16T12:43:41.420Z,46.3296667,-122.3771667,13.626,2.95,ml,45,50,0.03438,0.18,uw,uw60880366,2016-07-22T19:38:01.520Z,"26km SSW of Morton, Washington",earthquake,0.29,0.64,0.21,93,reviewed,uw,uw
2014-09-04T15:05:48.780Z,47.8716667,-121.6555,9.949,2.6,ml,30,49,0.1022,0.09,uw,uw60869711,2016-07-22T19:37:20.110Z,"3km ENE of Gold Bar, Washington",earthquake,0.18,0.79,0.164,57,reviewed,uw,uw
2014-09-04T08:52:01.220Z,45.3665,-121.7138333,2.193,2.56,ml,32,58,0.03088,0.2,uw,uw60869306,2016-07-22T19:37:17.970Z,"20km E of Mount Hood Village, Oregon",earthquake,0.25,0.8,0.165,62,reviewed,uw,uw
2014-09-03T07:56:20.030Z,47.8768333,-121.6353333,7.909,2.65,ml,41,49,0.1159,0.3,uw,uw60868421,2016-07-22T19:37:14.280Z,"5km ENE of Gold Bar, Washington",earthquake,0.41,0.84,0.176,60,reviewed,uw,uw
2014-08-05T17:24:58.140Z,47.4081667,-122.0316667,19.15,2.55,ml,27,51,0.05829,0.23,uw,uw60835742,2016-07-22T19:35:38.060Z,"2km NNE of Maple Valley, Washington",earthquake,0.33,0.59,0.191,60,reviewed,uw,uw
2014-08-03T14:26:14.800Z,46.196,-122.1842,1,2.5,md,,50,0.009,0.79,us,usb000rzng,2016-07-12T19:43:53.920Z,"37km NNE of Amboy, Washington",earthquake,,8,0.4,5,reviewed,uw,uw
2014-08-01T22:40:55.900Z,48.6773,-123.4938,46.7,2.6,ml,,115,0.036,0.4,us,usb000rzd9,2016-07-22T19:35:20.720Z,"19km SE of Duncan, Canada",earthquake,,4.2,0.2,30,reviewed,uw,uw
2014-08-01T07:27:38.400Z,48.6161667,-121.9581667,-1.041,2.51,ml,14,75,0.172,0.27,uw,uw60831957,2016-07-22T19:35:15.930Z,"24km ENE of Sedro-Woolley, Washington",earthquake,0.53,1.08,0.182,31,reviewed,uw,uw
2014-07-28T11:04:34.740Z,47.4581667,-122.7983333,26.406,3.53,ml,84,26,0.04963,0.39,uw,uw60828527,2017-04-02T03:21:24.079Z,"2km ENE of Belfair, Washington",earthquake,0.39,0.82,0.188,212,reviewed,uw,uw
2014-07-25T10:01:05.790Z,47.7385,-121.996,-0.001,2.85,ml,37,50,0.03235,0.43,uw,uw60826997,2016-07-22T19:32:57.860Z,"0km WSW of Duvall, Washington",earthquake,0.41,0.97,0.145,126,reviewed,uw,uw
2014-07-14T19:02:21.030Z,46.1751667,-116.442,-1.154,2.6,md,12,126,1.456,3.62,uw,uw60817592,2016-07-22T19:32:06.950Z,northern Idaho,earthquake,25.88,95.56,0.127,9,reviewed,uw,uw
2014-06-16T20:40:41.440Z,48.5183333,-123.273,23.851,3.01,ml,26,89,0.11,0.15,uw,uw60810216,2016-07-22T19:30:24.220Z,"11km NE of Victoria, Canada",earthquake,0.29,0.48,0.255,50,reviewed,uw,uw
2014-06-16T19:02:47.400Z,46.2928333,-116.7375,-0.76,2.75,md,4,279,1.99,3.19,uw,uw60810061,2016-07-22T19:30:22.950Z,northern Idaho,earthquake,75.89,57.95,0.212,4,reviewed,uw,uw
2014-06-11T19:46:58.000Z,46.0823,-116.8815,4.8,2.9,md,,284,2.183,0.24,us,usc000re8w,2014-09-12T15:47:15.000Z,"31km SSE of Asotin, Washington",earthquake,,8.1,0.2,4,reviewed,uw,uw
2014-06-01T09:40:25.450Z,47.6965,-123.0978333,39.985,2.55,ml,33,37,0.05607,0.21,uw,uw60798341,2016-07-22T19:29:30.170Z,"20km WNW of Seabeck, Washington",earthquake,0.37,0.7,0.175,52,reviewed,uw,uw
2014-05-25T11:21:43.490Z,48.2033333,-122.7125,55.871,3.11,ml,49,32,0.101,0.24,uw,uw60783282,2017-04-02T03:16:21.520Z,"2km SW of Coupeville, Washington",earthquake,0.41,0.76,0.2,117,reviewed,uw,uw
2014-05-22T22:20:11.570Z,47.5866667,-116.0363333,25.39,2.76,md,10,164,0.8842,0.52,uw,uw60779917,2016-07-22T19:29:09.650Z,"4km WSW of Wallace, Idaho",earthquake,5.85,5.88,0.131,8,reviewed,uw,uw
2014-05-06T04:07:39.600Z,42.288,-124.6661667,23.937,3.19,ml,18,220,0.7447,0.22,uw,uw60756827,2016-07-22T19:28:25.520Z,"24km WSW of Gold Beach, Oregon",earthquake,1.23,1.75,0.142,27,reviewed,uw,uw
2014-05-03T22:50:39.030Z,47.8763333,-121.6375,8.07,2.82,ml,33,49,0.1145,0.18,uw,uw60754112,2016-07-22T19:28:19.610Z,"4km ENE of Gold Bar, Washington",earthquake,0.33,0.58,0.219,57,reviewed,uw,uw
2014-05-02T22:02:14.030Z,46.7415,-116.0646667,-1.95,2.5,md,4,253,1.41,2.49,uw,uw60752327,2016-07-22T19:28:16.840Z,northern Idaho,earthquake,26.01,43.22,0.252,4,reviewed,uw,uw
2014-04-27T14:44:16.300Z,42.0901667,-123.706,35.373,2.56,ml,13,155,0.2892,0.09,uw,uw60745677,2016-07-22T19:27:57.700Z,"9km SSW of Cave Junction, Oregon",earthquake,0.47,0.65,0.179,14,reviewed,uw,uw
2014-04-24T04:18:58.760Z,47.3151667,-123.7978333,30.838,2.63,ml,26,147,0.09062,0.27,uw,uw60743077,2016-07-22T19:27:50.750Z,"17km SSE of Quinault Census Designated Place, Washington",earthquake,0.58,0.98,0.18,49,reviewed,uw,uw
2014-04-21T03:50:16.020Z,42.068,-119.0115,12.306,2.64,md,9,199,0.4595,0.29,uw,uw60745356,2018-06-29T23:06:57.078Z,"34km WNW of Denio Junction, Nevada",earthquake,1.39,1.25,0.084,9,reviewed,uw,uw
2014-04-20T14:39:20.610Z,42.0795,-119.026,12.356,2.86,md,10,197,0.4571,0.28,uw,uw60745211,2018-06-29T23:06:52.793Z,"37km WNW of Denio Junction, Nevada",earthquake,1.91,1.39,0.158,10,reviewed,uw,uw
2014-04-07T03:33:12.630Z,45.3975,-122.9041667,19.387,3.32,ml,39,39,0.1022,0.12,uw,uw60733657,2019-07-06T21:38:02.343Z,"6km NW of Sherwood, Oregon",earthquake,0.2,0.41,0.211,128,reviewed,uw,uw
2014-04-06T04:13:05.600Z,44.3851,-116.3265,16.1,2.6,mc,10,143.9999885,0.8372298,0.56,mb,mb14547601,2014-04-14T19:45:55.891Z,"26km WSW of Cascade, Idaho",earthquake,4.5,5.7,0.5,3,automatic,mb,mb
2014-03-21T11:24:33.030Z,47.2298333,-122.4788333,26.133,2.87,ml,61,29,0.02092,0.26,uw,uw60725416,2016-07-22T19:26:19.640Z,"2km ESE of Fircrest, Washington",earthquake,0.27,0.59,0.215,121,reviewed,uw,uw
2014-03-14T20:43:36.780Z,47.5141667,-122.7773333,21.543,2.56,ml,40,42,0.01306,0.2,uw,uw60718901,2016-07-22T19:26:06.130Z,"8km NNE of Belfair, Washington",earthquake,0.33,0.44,0.2,73,reviewed,uw,uw
2014-02-27T15:48:51.840Z,47.6106667,-122.8483333,24.078,3.03,ml,32,40,0.04917,0.28,uw,uw60703407,2017-05-03T19:40:45.672Z,"3km SSW of Seabeck, Washington",earthquake,0.52,0.65,0.194,145,reviewed,uw,uw
2014-02-21T21:19:23.090Z,46.8045,-119.2241667,16.91,2.55,ml,34,71,0.1144,0.11,uw,uw60699017,2016-07-22T19:25:18.410Z,"3km WSW of Othello, Washington",earthquake,0.27,0.74,0.166,18,reviewed,uw,uw
2014-02-14T13:41:54.010Z,46.3233333,-122.3883333,13.633,2.51,ml,34,51,0.03676,0.17,uw,uw60692412,2016-07-22T19:25:08.450Z,"27km SSW of Morton, Washington",earthquake,0.29,0.67,0.192,45,reviewed,uw,uw
2014-02-09T14:33:19.320Z,47.7858333,-123.7595,34.557,2.51,ml,27,70,0.04765,0.3,uw,uw60688367,2016-07-22T19:24:58.960Z,"36km N of Quinault Census Designated Place, Washington",earthquake,0.61,1.39,0.211,35,reviewed,uw,uw
2014-02-03T20:29:08.780Z,47.3228333,-122.4,23.808,3.02,ml,51,37,0.02954,0.29,uw,uw60686921,2017-04-02T03:06:20.937Z,"6km W of Federal Way, Washington",earthquake,0.31,0.58,0.22,156,reviewed,uw,uw
2014-01-26T17:31:33.410Z,45.934,-122.8251667,19.963,2.88,ml,46,61,0.1973,0.17,uw,uw60676207,2016-07-22T19:24:18.240Z,"5km NNW of Columbia City, Oregon",earthquake,0.27,0.79,0.216,93,reviewed,uw,uw
2014-01-25T16:58:25.920Z,46.2818333,-122.2026667,4.894,2.63,ml,38,59,0.04664,0.16,uw,uw60675772,2016-07-22T19:24:11.630Z,"31km S of Morton, Washington",earthquake,0.26,0.44,0.198,60,reviewed,uw,uw
2014-01-24T13:53:28.280Z,42.6121667,-123.9563333,4.3,3.83,ml,19,107,0.2302,0.27,uw,uw60675057,2016-07-22T19:24:08.470Z,"44km ENE of Gold Beach, Oregon",earthquake,0.69,31.61,0.185,83,reviewed,uw,uw
2014-01-24T11:26:36.500Z,44.6345,-116.0345,0.2,3,md,,198,0.929,1.14,us,usb000m7b5,2016-07-22T19:24:08.170Z,"13km N of Cascade, Idaho",earthquake,,7,0.5,3,reviewed,mb,mb
2014-01-24T04:21:34.970Z,46.4011,-116.0928,5.01,2.5,ml,,62,0.897,0.61,us,usb000m757,2016-07-22T19:24:07.890Z,"15km SE of Orofino, Idaho",earthquake,,2,0.069,36,reviewed,us,us
2013-12-30T14:59:37.140Z,48.6043333,-119.8108333,6.372,3.2,ml,19,117,0.402,0.16,uw,uw60663181,2017-04-02T03:01:13.225Z,"29km WSW of Tonasket, Washington",earthquake,0.53,1.1,0.174,55,reviewed,uw,uw
2013-12-27T20:06:07.610Z,46.7541667,-116.1525,-1.81,2.55,md,9,184,1.438,5.72,uw,uw60662066,2016-07-22T19:21:40.710Z,northern Idaho,earthquake,36.29,77.46,0.105,4,reviewed,uw,uw
2013-12-25T02:07:10.400Z,43.2286667,-120.5051667,7.014,2.69,ml,22,176,0.5359,0.32,uw,uw60660966,2016-07-22T19:21:31.220Z,"45km ENE of Silver Lake, Oregon",earthquake,1.35,24.51,0.188,30,reviewed,uw,uw
2013-12-23T02:55:45.960Z,45.3601667,-118.206,7.95,2.95,md,20,147,0.5147,0.31,uw,uw60659986,2016-07-22T19:21:25.750Z,"10km WNW of La Grande, Oregon",earthquake,0.73,25.86,0.225,20,reviewed,uw,uw
2013-12-20T00:40:37.000Z,44.8626,-116.0101,11.2,2.6,md,,93,0.225,0.22,us,usc000lp8m,2014-02-27T21:37:23.000Z,"8km SE of McCall, Idaho",earthquake,,5.6,0.5,,reviewed,mb,mb
2013-12-12T00:24:39.100Z,44.8503,-116.0111,9.3,3,md,,93,0.237,1.14,us,usc000ljla,2016-07-22T19:20:56.840Z,"9km SE of McCall, Idaho",earthquake,,5.7,0.5,,reviewed,mb,mb
2013-12-10T18:55:28.200Z,44.8443,-116.0128,8.3,2.5,md,,93,0.243,1.54,us,usc000lhib,2014-02-21T23:00:50.000Z,"10km SE of McCall, Idaho",earthquake,,5.6,0.5,,reviewed,mb,mb
2013-12-06T12:57:07.880Z,47.7426667,-122.8921667,18.918,2.87,ml,27,63,0.05949,0.21,uw,uw60646106,2017-04-02T02:56:17.921Z,"12km NNW of Seabeck, Washington",earthquake,0.4,0.48,0.204,90,reviewed,uw,uw
2013-12-06T07:55:51.180Z,47.7411667,-122.8915,19.388,3.47,ml,40,62,0.05928,0.23,uw,uw60645891,2017-04-02T02:51:22.654Z,"12km NNW of Seabeck, Washington",earthquake,0.34,0.5,0.202,194,reviewed,uw,uw
2013-12-01T20:46:52.730Z,45.9263333,-116.8346667,-0.485,2.78,md,4,291,2.119,0.78,uw,uw60641756,2016-07-22T19:20:18.870Z,northern Idaho,earthquake,6.68,31.61,0.008,3,reviewed,uw,uw
2013-11-24T17:43:49.730Z,48.1898333,-123.1935,41.863,2.75,ml,37,62,0.1517,0.22,uw,uw60637201,2016-07-22T19:19:57.870Z,"14km NNW of Sequim, Washington",earthquake,0.41,0.72,0.191,48,reviewed,uw,uw
2013-11-18T15:26:18.350Z,46.3241667,-122.379,12.819,2.67,ml,31,53,0.03176,0.17,uw,uw60632331,2016-07-22T19:19:40.430Z,"27km SSW of Morton, Washington",earthquake,0.35,0.7,0.198,53,reviewed,uw,uw
2013-11-17T19:59:56.920Z,47.4655,-122.376,38.498,2.54,ml,85,56,0.01192,0.54,uw,uw60631896,2016-07-22T19:19:38.870Z,"2km WNW of Burien, Washington",earthquake,0.58,0.85,0.234,69,reviewed,uw,uw
2013-11-17T14:47:06.300Z,46.4115,-119.2708333,-0.141,3.22,ml,32,88,0.02162,0.1,uw,uw60631761,2017-04-02T02:46:15.739Z,"13km NNE of West Richland, Washington",earthquake,0.18,0.42,0.205,51,reviewed,uw,uw
2013-11-11T11:46:43.580Z,47.4945,-123.1628333,42.475,2.76,ml,40,43,0.064,0.24,uw,uw60627416,2016-07-22T19:19:21.540Z,"25km W of Belfair, Washington",earthquake,0.39,0.72,0.158,80,reviewed,uw,uw
2013-11-05T22:06:02.470Z,44.6973333,-117.4636667,4.146,2.66,ml,7,174,0.1915,0.6,uw,uw60624007,2016-07-22T19:19:09.770Z,"30km ESE of Baker City, Oregon",earthquake,2.87,8.5,0.2,5,reviewed,uw,uw
2013-10-29T11:24:14.840Z,47.8066667,-120.7441667,7.606,3.27,ml,20,79,0.106,0.14,uw,uw60619906,2017-04-02T02:41:16.012Z,"24km NNW of Leavenworth, Washington",earthquake,0.31,0.51,0.165,100,reviewed,uw,uw
2013-09-24T15:15:06.160Z,47.8093333,-120.735,8.198,3.02,md,18,83,0.1103,0.12,uw,uw60598017,2016-07-22T19:17:23.390Z,"24km NNW of Leavenworth, Washington",earthquake,0.29,0.37,0.368,23,reviewed,uw,uw
2013-09-09T22:22:56.950Z,47.3015,-116.3203333,4.24,2.76,md,12,90,1.105,4.18,uw,uw60588747,2016-07-22T19:16:48.420Z,northern Idaho,earthquake,13.52,31.61,0.267,9,reviewed,uw,uw
2013-09-05T10:54:01.580Z,46.656,-120.5643333,9.459,2.78,ml,33,67,0.01706,0.16,uw,uw60585032,2016-07-22T19:16:37.210Z,"2km W of Selah, Washington",earthquake,0.25,0.5,0.244,45,reviewed,uw,uw
2013-09-05T07:09:41.850Z,47.7635,-122.508,26.187,3.02,ml,57,37,0.04736,0.33,uw,uw60584927,2017-04-02T02:36:22.809Z,"2km N of Indianola, Washington",earthquake,0.43,0.76,0.208,162,reviewed,uw,uw
2013-08-31T04:14:01.360Z,46.3256667,-122.3856667,13.909,2.63,ml,50,36,0.0364,0.18,uw,uw60582486,2016-07-22T19:16:10.600Z,"27km SSW of Morton, Washington",earthquake,0.24,0.56,0.191,56,reviewed,uw,uw
2013-08-24T01:12:48.420Z,46.3263333,-122.3821667,13.159,3.02,ml,39,74,0.03481,0.18,uw,uw60578342,2016-07-22T19:15:36.640Z,"27km SSW of Morton, Washington",earthquake,0.28,0.62,0.221,96,reviewed,uw,uw
2013-08-24T01:08:08.340Z,46.3243333,-122.3838333,13.609,3.47,ml,40,51,0.03461,0.17,uw,uw60578337,2016-07-22T19:15:36.120Z,"27km SSW of Morton, Washington",earthquake,0.29,0.63,0.184,172,reviewed,uw,uw
2013-08-23T21:38:35.370Z,46.3221667,-122.3846667,13.749,3.7,ml,47,37,0.03397,0.17,uw,uw60578187,2016-07-22T19:15:32.200Z,"28km SSW of Morton, Washington",earthquake,0.23,0.55,0.166,215,reviewed,uw,uw
2013-08-20T18:41:30.280Z,47.3658333,-122.7171667,13.26,3.6,ml,62,23,0.1333,0.38,uw,uw60575952,2017-04-02T02:31:24.530Z,"2km NNE of Key Center, Washington",earthquake,0.42,1.47,0.191,227,reviewed,uw,uw
2013-08-14T17:35:29.520Z,45.2976667,-121.7538333,6.207,2.73,ml,25,54,0.02778,0.14,uw,uw60572321,2016-07-22T19:15:04.180Z,"18km ESE of Mount Hood Village, Oregon",earthquake,0.22,0.26,0.186,64,reviewed,uw,uw
2013-08-12T22:06:35.860Z,45.7993333,-116.1578333,3.05,2.84,md,4,287,2.258,7.28,uw,uw60570626,2016-07-22T19:14:55.500Z,northern Idaho,earthquake,54.3,31.61,0.077,3,reviewed,uw,uw
2013-08-12T11:55:38.390Z,46.6915,-122.3623333,11.395,2.94,ml,73,31,0.1954,0.2,uw,uw60570246,2016-07-22T19:14:53.920Z,"16km NNW of Morton, Washington",earthquake,0.22,2.2,0.202,68,reviewed,uw,uw
2013-08-12T04:10:25.580Z,47.778,-123.2291667,40.664,2.76,ml,41,30,0.1749,0.25,uw,uw60570171,2016-07-22T19:14:52.490Z,"33km WNW of Seabeck, Washington",earthquake,0.41,0.38,0.179,71,reviewed,uw,uw
2013-08-03T02:11:16.250Z,46.327,-122.3906667,13.199,3.13,ml,41,51,0.04003,0.15,uw,uw60563331,2016-07-22T19:14:19.300Z,"27km SSW of Morton, Washington",earthquake,0.27,0.62,0.197,80,reviewed,uw,uw
2013-08-02T01:32:27.160Z,44.8032,-116.3151,1,3.1,ml,,29,0.361,1.27,us,usb000itvl,2016-07-22T19:14:16.960Z,"12km NE of Council, Idaho",earthquake,,6.5,0.045,,reviewed,us,us
2013-07-12T13:56:02.390Z,47.715,-122.2961667,30.979,2.58,ml,43,34,0.008514,0.31,uw,uw60551966,2016-07-22T19:13:22.800Z,"4km W of Inglewood-Finn Hill, Washington",earthquake,0.41,0.58,0.167,80,reviewed,uw,uw
2013-06-27T02:45:35.980Z,47.8241667,-120.6891667,7.51,4.27,ml,59,75,0.1251,0.56,uw,uw60546146,2017-07-18T01:42:04.325Z,"25km N of Leavenworth, Washington",earthquake,0.79,2.55,0.144,52,reviewed,uw,uw
2013-06-21T05:18:57.300Z,48.6306667,-123.0868333,10.761,2.74,ml,28,86,0.09788,0.18,uw,uw60544382,2016-07-22T19:11:46.310Z,"11km NNW of Friday Harbor, Washington",earthquake,0.33,1,0.222,36,reviewed,uw,uw
2013-06-21T04:35:45.900Z,48.6318333,-123.0896667,11.271,2.85,ml,29,86,0.09983,0.19,uw,uw60544357,2016-07-22T19:11:45.320Z,"12km NNW of Friday Harbor, Washington",earthquake,0.34,0.78,0.26,41,reviewed,uw,uw
2013-06-16T16:18:39.430Z,48.2661667,-122.8816667,20.451,2.56,ml,25,53,0.1676,0.25,uw,uw60541532,2016-07-22T19:11:39.080Z,"14km WNW of Coupeville, Washington",earthquake,0.39,1.13,0.196,45,reviewed,uw,uw
2013-05-26T15:10:16.040Z,48.537,-119.882,-0.371,2.93,md,31,103,0.4068,0.44,uw,uw60533506,2016-07-22T19:11:03.890Z,"29km NW of Okanogan, Washington",earthquake,0.82,1.76,0.396,28,reviewed,uw,uw
2013-05-25T16:40:50.980Z,45.8143333,-122.4791667,8.855,2.61,ml,38,49,0.1975,0.14,uw,uw60533191,2016-07-22T19:11:01.240Z,"3km E of Lewisville, Washington",earthquake,0.27,0.52,0.207,58,reviewed,uw,uw
2013-05-25T15:22:59.680Z,48.5686667,-122.1646667,14.88,2.87,ml,25,48,0.2602,0.44,uw,uw60533161,2016-07-22T19:11:00.630Z,"8km NE of Sedro-Woolley, Washington",earthquake,0.78,2.01,0.163,58,reviewed,uw,uw
2013-05-21T08:03:05.960Z,46.1273333,-122.1651667,4.691,2.74,ml,43,45,0.009069,0.16,uw,uw60532117,2016-07-22T19:10:48.170Z,"32km NE of Amboy, Washington",earthquake,0.21,0.25,0.2,53,reviewed,uw,uw
2013-05-08T04:22:57.410Z,48.3163333,-124.8166667,16.432,2.74,md,16,167,0.2844,0.39,uw,uw60526656,2016-07-22T19:10:25.600Z,"15km WSW of Neah Bay, Washington",earthquake,1.22,4.13,0.153,7,reviewed,uw,uw
2013-05-05T15:46:34.400Z,44.284,-116.24,6.3,2.6,md,7,122.9,,,us,us2013pvbd,2014-11-07T01:50:44.877Z,"30km SSW of Cascade, Idaho",earthquake,,,,,reviewed,but,but
2013-05-05T10:14:46.290Z,45.09,-124.915,39.2,2.6,md,7,320,,,us,us2013pvcz,2014-11-07T01:50:44.813Z,"79km WNW of Depoe Bay, Oregon",earthquake,,,,,reviewed,sea,sea
2013-05-02T22:27:48.170Z,42.103,-120.2481667,0.139,2.65,ml,11,118,0.1467,0.28,uw,uw60524282,2016-07-22T19:10:13.090Z,"12km SE of Lakeview, Oregon",earthquake,2.15,0.65,0.274,16,reviewed,uw,uw
2013-04-10T15:32:29.390Z,47.9985,-122.9553333,53.419,3.37,ml,54,45,0.01477,0.3,uw,uw60516527,2017-04-02T02:21:13.608Z,"11km WSW of Port Hadlock-Irondale, Washington",earthquake,0.46,0.75,0.168,138,reviewed,uw,uw
2013-04-07T08:57:07.770Z,47.3408333,-122.7665,26.164,3.46,ml,87,30,0.1517,0.38,uw,uw60515422,2017-04-02T02:16:21.612Z,"2km W of Key Center, Washington",earthquake,0.4,1,0.193,196,reviewed,uw,uw
2013-03-25T20:55:29.860Z,42.6021667,-122.4066667,3.183,2.67,ml,19,55,0.3913,0.25,uw,uw60512661,2016-07-22T19:08:17.110Z,"33km E of Shady Cove, Oregon",earthquake,0.45,1.81,0.193,32,reviewed,uw,uw
2013-03-24T19:28:13.640Z,42.6173333,-122.4046667,7.924,2.68,ml,20,67,0.3381,0.21,uw,uw60512461,2016-07-22T19:08:06.090Z,"33km E of Shady Cove, Oregon",earthquake,0.34,19.28,0.167,28,reviewed,uw,uw
2013-03-24T18:46:05.000Z,42.618,-122.4006667,4.504,2.58,ml,21,66,0.3393,0.28,uw,uw60512451,2016-07-22T19:08:05.720Z,"33km E of Shady Cove, Oregon",earthquake,0.41,1.62,0.166,30,reviewed,uw,uw
2013-03-24T12:28:54.440Z,42.6138333,-122.4015,7.854,2.54,ml,20,67,0.3423,0.25,uw,uw60512386,2016-07-22T19:08:04.640Z,"33km E of Shady Cove, Oregon",earthquake,0.41,22.25,0.195,30,reviewed,uw,uw
2013-03-24T11:39:04.590Z,42.612,-122.4101667,14.394,3.1,ml,26,37,0.34,0.2,uw,uw60512366,2016-07-22T19:08:03.570Z,"33km E of Shady Cove, Oregon",earthquake,0.33,0.98,0.182,41,reviewed,uw,uw
2013-03-24T08:00:11.180Z,42.6213333,-122.4033333,8.154,2.62,ml,23,40,0.3355,0.27,uw,uw60512326,2016-07-22T19:08:01.470Z,"33km E of Shady Cove, Oregon",earthquake,0.37,18.46,0.181,31,reviewed,uw,uw
2013-03-22T19:32:13.230Z,47.7588333,-123.193,40.802,3.23,ml,41,54,0.1444,0.33,uw,uw60512021,2016-07-22T19:07:59.120Z,"29km WNW of Seabeck, Washington",earthquake,0.5,0.79,0.18,96,reviewed,uw,uw
2013-01-31T04:01:13.080Z,46.2846667,-122.208,3.626,2.6,ml,36,60,0.04357,0.14,uw,uw60503441,2016-07-22T19:06:35.350Z,"Mount St. Helens area, Washington",earthquake,0.21,0.37,0.186,28,reviewed,uw,uw
2013-01-31T01:03:17.270Z,45.9195,-122.4086667,6.447,3.66,ml,33,34,0.1466,0.16,uw,uw60503391,2017-11-06T02:57:11.803Z,"3km ENE of Amboy, Washington",earthquake,0.28,0.55,0.196,182,reviewed,uw,uw
2013-01-25T09:11:56.260Z,48.428,-122.5546667,23.415,3.43,ml,54,33,0.05361,0.4,uw,uw60497387,2017-04-02T02:11:17.046Z,"San Juan Islands region, Washington",earthquake,0.45,0.9,0.15,122,reviewed,uw,uw
2013-01-25T08:58:33.900Z,44.4655,-124.6073333,39.482,2.88,ml,15,234,0.4314,0.43,uw,uw60497382,2016-07-22T19:06:22.960Z,offshore Oregon,earthquake,2.54,1.08,0.147,25,reviewed,uw,uw
2013-01-25T04:27:42.340Z,44.4571667,-124.6863333,34.945,2.76,ml,17,240,0.4872,0.28,uw,uw60497357,2016-07-22T19:06:22.660Z,offshore Oregon,earthquake,1.75,1.14,0.167,18,reviewed,uw,uw
2013-01-25T03:43:05.200Z,44.476,-124.867,6.2,3,md,20,206.8,,,us,us2013kvae,2016-07-22T19:06:21.810Z,"63km W of Waldport, Oregon",earthquake,,,,,reviewed,sea,sea
2013-01-25T00:41:11.590Z,44.457,-124.669,33.8,3,ml,13,248,,,us,usp000jyt9,2016-07-22T19:06:21.470Z,offshore Oregon,earthquake,,,,,reviewed,sea,sea
2013-01-08T13:39:21.070Z,48.5326667,-119.893,0.059,2.91,ml,22,102,0.4115,0.31,uw,uw60490197,2016-07-22T19:05:47.700Z,Washington,earthquake,0.67,1.8,0.184,20,reviewed,uw,uw
2012-12-27T06:36:46.710Z,48.6526667,-123.2506667,54.491,3.96,ml,20,108,0.131,0.17,uw,uw60485982,2016-07-22T19:05:25.840Z,"San Juan Islands region, Washington",earthquake,0.55,0.73,0.184,184,reviewed,uw,uw
2012-12-24T00:25:25.220Z,45.6446667,-122.767,19.49,2.76,ml,22,66,0.04642,0.09,uw,uw60485347,2017-12-14T01:30:42.009Z,"Portland urban area, Oregon",earthquake,0.23,0.36,0.174,68,reviewed,uw,uw
2012-12-19T22:00:28.470Z,47.7428333,-120.1173333,-0.671,2.89,ml,12,63,0.07972,0.49,uw,uw60484307,2016-07-22T19:05:12.240Z,Washington,earthquake,1.07,42.03,0.163,23,reviewed,uw,uw
2012-12-09T14:38:34.330Z,48.8518333,-122.6331667,17.194,2.59,ml,23,110,0.0188,0.19,uw,uw60492281,2016-07-22T19:04:51.190Z,Washington,earthquake,0.54,0.86,0.203,37,reviewed,uw,uw
2012-12-02T13:18:11.120Z,47.7201667,-120.1791667,-0.151,2.6,md,11,120,0.1249,0.25,uw,uw60490566,2016-07-22T19:04:34.690Z,Washington,earthquake,0.82,17.28,0.357,14,reviewed,uw,uw
2012-11-30T21:30:15.190Z,42.1261667,-124.349,2.005,3.34,ml,17,195,0.1256,0.48,uw,uw60490306,2016-07-22T19:04:31.630Z,Oregon,earthquake,1.7,2.2,0.175,26,reviewed,uw,uw
2012-11-19T22:51:46.190Z,43.7941667,-121.6835,-1.188,2.56,ml,10,124,0.2296,0.26,uw,uw60488391,2016-07-22T19:04:09.450Z,Oregon,earthquake,0.88,0.51,0.342,9,reviewed,uw,uw
2012-11-19T14:15:09.470Z,45.6458333,-122.7531667,19.797,3.16,ml,44,43,0.04614,0.17,uw,uw60476177,2016-07-22T19:04:08.720Z,"Portland urban area, Oregon",earthquake,0.22,0.36,0.189,91,reviewed,uw,uw
2012-11-12T13:30:14.960Z,43.364,-116.928,6.2,2.9,ml,15,60.3,,1.15,us,usp000jvet,2016-07-22T19:03:37.960Z,southern Idaho,earthquake,,17.7,,,reviewed,us,sea
2012-11-08T09:58:28.070Z,45.0258333,-124.1515,38.048,2.78,ml,12,209,0.3666,0.23,uw,uw60472587,2016-07-22T19:03:00.730Z,offshore Oregon,earthquake,0.87,0.97,0.179,20,reviewed,uw,uw
2012-11-03T23:54:43.550Z,45.0253333,-124.1511667,39.558,2.89,ml,23,199,0.3668,0.28,uw,uw60484031,2016-07-22T19:02:53.460Z,offshore Oregon,earthquake,1.07,0.66,0.248,33,reviewed,uw,uw
2012-10-13T20:51:44.350Z,47.7191667,-122.6201667,21.664,2.74,ml,48,26,0.03601,0.29,uw,uw60463912,2016-07-22T19:02:00.900Z,"Seattle-Tacoma urban area, Washington",earthquake,0.42,0.8,0.254,90,reviewed,uw,uw
2012-10-09T03:00:53.260Z,47.1033333,-121.1133333,0.619,2.55,ml,35,60,0.1701,0.25,uw,uw60474191,2016-07-22T19:01:46.050Z,Washington,earthquake,0.33,0.98,0.155,37,reviewed,uw,uw
2012-10-05T20:32:10.570Z,47.7086667,-122.6128333,26.133,2.73,ml,44,41,0.03557,0.33,uw,uw60473001,2016-07-22T19:01:39.370Z,"Seattle-Tacoma urban area, Washington",earthquake,0.5,0.76,0.191,92,reviewed,uw,uw
2012-09-28T13:46:00.880Z,46.233,-122.1131667,7.932,2.74,ml,36,81,0.02009,0.18,uw,uw60457022,2016-07-22T19:01:18.520Z,"Mount St. Helens area, Washington",earthquake,0.31,0.34,0.265,51,reviewed,uw,uw
2012-09-22T20:15:31.650Z,43.3633333,-124.383,27.813,2.5,ml,17,237,0.3868,0.16,uw,uw60455007,2016-07-22T19:01:07.420Z,offshore Oregon,earthquake,1.26,0.61,0.237,13,reviewed,uw,uw
2012-09-18T07:08:24.930Z,42.2338333,-124.7195,35.083,2.54,ml,10,254,0.7461,0.21,uw,uw60453102,2016-07-22T19:00:55.250Z,offshore Oregon,earthquake,1.78,1.87,0.097,12,reviewed,uw,uw
2012-09-13T17:33:45.450Z,47.3425,-120.019,9.292,3.37,ml,35,61,0.3378,0.21,uw,uw60451342,2017-04-02T02:06:15.512Z,Washington,earthquake,0.39,1.07,0.205,69,reviewed,uw,uw
2012-09-08T04:57:45.180Z,45.1205,-122.6896667,23.81,3.54,ml,39,45,0.1721,0.26,uw,uw60449207,2016-07-22T19:00:27.140Z,Oregon,earthquake,0.33,0.9,0.2,149,reviewed,uw,uw
2012-09-07T19:12:26.880Z,46.7783333,-116.352,-1.95,2.5,md,5,147,1.512,2.83,uw,uw60462216,2016-07-22T19:00:25.180Z,northern Idaho,earthquake,14.88,36.59,0.259,4,reviewed,uw,uw
2012-09-04T01:14:11.900Z,42.2698333,-124.7626667,18.114,2.51,md,10,268,0.4026,0.35,uw,uw60460981,2016-07-22T19:00:14.310Z,offshore Oregon,earthquake,1.68,1.26,0.324,9,reviewed,uw,uw
2012-08-29T22:20:33.220Z,48.504,-123.629,26.5,3.3,ml,71,60.1,,,us,usp000jr2t,2016-07-22T18:59:59.930Z,Washington-British Columbia border region,earthquake,,,,,reviewed,pgc,sea
2012-08-24T20:20:59.410Z,47.0898333,-123.8043333,15.479,2.86,ml,27,164,0.03536,0.33,uw,uw60457291,2016-07-22T18:59:47.870Z,"Olympic Peninsula, Washington",earthquake,0.68,0.52,0.234,66,reviewed,uw,uw
2012-08-07T23:59:45.460Z,47.6903333,-120.3021667,7.665,3.22,ml,26,46,0.1687,0.14,uw,uw60450641,2017-04-02T02:01:16.518Z,Washington,earthquake,0.26,1,0.222,58,reviewed,uw,uw
2012-08-02T00:00:43.360Z,42.225,-124.7921667,19.574,2.87,ml,16,265,0.4208,0.32,uw,uw60434172,2016-07-22T18:58:50.460Z,offshore Oregon,earthquake,1.64,1.72,0.153,10,reviewed,uw,uw
2012-08-01T10:59:38.870Z,42.235,-124.6925,-0.882,2.57,ml,14,228,0.3473,0.65,uw,uw60433897,2016-07-22T18:58:47.760Z,offshore Oregon,earthquake,4.36,3.4,0.163,10,reviewed,uw,uw
2012-08-01T07:15:16.480Z,42.2201667,-124.7153333,-0.856,2.8,ml,18,230,0.3636,0.72,uw,uw60433847,2016-07-22T18:58:47.460Z,offshore Oregon,earthquake,4.95,3.96,0.205,15,reviewed,uw,uw
2012-07-31T23:53:11.230Z,42.2185,-124.691,18.878,2.66,md,14,227,0.3455,0.53,uw,uw60433662,2016-07-22T18:58:45.710Z,offshore Oregon,earthquake,2.05,2.08,0.263,10,reviewed,uw,uw
2012-07-09T13:56:01.860Z,48.5925,-124.8583333,30.87,2.65,md,31,144,0.3029,0.27,uw,uw60424067,2016-07-22T18:58:01.410Z,Washington-British Columbia border region,earthquake,0.63,1.14,0.108,17,reviewed,uw,uw
2012-07-05T11:21:51.120Z,48.6566667,-123.1275,14.121,2.94,ml,38,87,0.1343,0.21,uw,uw60422312,2016-07-22T18:57:48.510Z,"San Juan Islands region, Washington",earthquake,0.28,0.59,0.222,59,reviewed,uw,uw
2012-07-04T04:00:05.850Z,48.6495,-123.1263333,13.691,3.03,ml,30,87,0.128,0.21,uw,uw60421887,2016-07-22T18:57:42.150Z,"San Juan Islands region, Washington",earthquake,0.33,0.74,0.212,61,reviewed,uw,uw
2012-05-17T19:51:15.830Z,44.318,-124.4698333,0.165,2.53,ml,14,264,0.4307,0.36,uw,uw60418886,2016-07-22T18:56:05.540Z,offshore Oregon,earthquake,3.14,1.47,0.055,12,reviewed,uw,uw
2012-05-17T10:42:58.670Z,44.832,-116.0988333,19.346,2.68,md,12,122,0.859,0.74,uw,uw60418716,2016-07-22T18:56:04.520Z,southern Idaho,earthquake,2.84,6.05,0.108,7,reviewed,uw,uw
2012-04-21T14:25:04.990Z,47.6966667,-121.8876667,2.575,2.55,ml,43,40,0.113,0.38,uw,uw60395237,2016-07-22T18:10:50.590Z,"Puget Sound region, Washington",earthquake,0.32,0.73,0.143,78,reviewed,uw,uw
2012-04-19T16:36:29.120Z,48.768,-122.115,18.896,2.63,ml,14,90,0.1425,0.25,uw,uw60394657,2016-07-22T18:10:43.890Z,Washington,earthquake,0.47,1.63,0.287,23,reviewed,uw,uw
2012-04-18T15:20:59.200Z,44.604,-124.4436667,16.615,2.88,ml,22,220,0.2846,0.34,uw,uw60410241,2016-07-22T18:10:40.790Z,offshore Oregon,earthquake,1.27,1.63,0.257,27,reviewed,uw,uw
2012-04-13T20:23:59.260Z,45.694,-122.344,2.8,2.8,md,15,94.5,,,us,usp000jhwd,2014-11-07T01:47:31.007Z,Washington,earthquake,,,,,reviewed,sea,sea
2012-04-10T04:43:35.370Z,46.0455,-118.7123333,14.011,3.17,ml,32,55,0.1749,0.29,uw,uw60407926,2017-04-02T01:56:15.238Z,Washington,earthquake,0.73,1.31,0.23,52,reviewed,uw,uw
2012-04-08T17:16:27.980Z,45.1853333,-121.7085,4.508,2.66,ml,16,70,0.1197,0.17,uw,uw60407506,2016-07-22T18:10:14.160Z,Oregon,earthquake,0.36,1.19,0.247,47,reviewed,uw,uw
2012-03-29T20:01:12.470Z,48.7603333,-122.1051667,14.772,2.88,ml,15,80,0.1371,0.17,uw,uw60405696,2016-07-22T18:09:52.430Z,Washington,earthquake,0.33,1.28,0.235,46,reviewed,uw,uw
2012-03-24T21:16:17.980Z,48.35,-122.281,7.749,3.57,ml,51,46,0.13,0.39,uw,uw60404846,2017-04-02T01:51:15.855Z,Washington,earthquake,0.42,1.13,0.179,172,reviewed,uw,uw
2012-03-22T10:01:07.070Z,46.8231667,-121.9078333,3.89,2.65,ml,32,58,0.09913,0.09,uw,uw60404201,2016-07-22T18:09:36.970Z,Washington,earthquake,0.15,0.31,0.21,35,reviewed,uw,uw
2012-03-20T09:28:37.350Z,44.3833333,-124.4563333,32.93,3.7,ml,16,228,0.3795,0.23,uw,uw60403916,2016-07-22T18:09:33.850Z,offshore Oregon,earthquake,0.81,1.07,0.18,82,reviewed,uw,uw
2012-03-20T08:43:47.350Z,44.3613333,-124.4386667,29.19,3.17,ml,14,247,0.3845,0.22,uw,uw60403911,2016-07-22T18:09:33.520Z,offshore Oregon,earthquake,0.99,0.64,0.139,15,reviewed,uw,uw
2012-03-18T18:48:45.920Z,46.7603333,-123.4713333,43.795,3.34,ml,63,70,0.1644,0.27,uw,uw60403671,2016-07-22T18:09:28.910Z,Washington,earthquake,0.39,0.72,0.237,121,reviewed,uw,uw
2012-03-14T02:21:43.250Z,48.0125,-122.7411667,56.872,2.72,ml,36,78,0.1355,0.25,uw,uw60015303,2016-07-22T18:09:19.740Z,"Puget Sound region, Washington",earthquake,0.42,0.71,0.223,32,reviewed,uw,uw
2012-03-12T11:37:21.950Z,44.3558333,-124.4455,25.76,3.12,ml,20,230,0.3918,0.29,uw,uw60386742,2016-07-22T18:09:18.210Z,offshore Oregon,earthquake,1.29,0.75,0.1,16,reviewed,uw,uw
2012-02-26T10:15:11.690Z,42.8158333,-124.7626667,21.643,3.12,ml,14,241,0.3201,0.29,uw,uw60382617,2016-07-22T18:08:44.330Z,offshore Oregon,earthquake,1.31,0.98,0.198,7,reviewed,uw,uw
2012-02-22T18:54:15.570Z,46.492,-119.473,55.1,2.7,md,6,162.8,,,us,usp000jf81,2014-11-07T01:47:03.419Z,Washington,earthquake,,,,,reviewed,sea,sea
2012-02-04T10:16:59.480Z,47.3193333,-122.3601667,27.499,2.77,ml,69,34,0.02418,0.46,uw,uw60393611,2016-07-22T18:07:45.910Z,"Seattle-Tacoma urban area, Washington",earthquake,0.59,1.1,0.224,108,reviewed,uw,uw
2012-01-25T10:51:30.850Z,46.3401667,-122.2361667,7.621,3.42,ml,43,76,0.01691,0.18,uw,uw60389576,2016-07-22T18:07:26.990Z,Washington,earthquake,0.31,0.42,0.186,99,reviewed,uw,uw
2012-01-08T01:26:41.330Z,47.7531667,-122.4896667,24.255,2.82,ml,50,29,0.06157,0.28,uw,uw60380271,2016-07-22T18:07:04.930Z,"Seattle-Tacoma urban area, Washington",earthquake,0.41,0.93,0.224,111,reviewed,uw,uw
2011-12-04T20:05:23.590Z,48.741,-117.506,4.4,2.6,md,5,258.5,,,us,usp000jbu1,2015-01-30T20:24:45.977Z,Washington,earthquake,,,,,reviewed,sea,sea
2011-11-18T13:09:00.980Z,48.4693333,-119.6075,11.168,4.6,md,21,121,0.2138,0.26,uw,uw10831488,2017-04-02T01:41:47.861Z,Washington,earthquake,0.87,0.94,0.04,21,reviewed,uw,uw
2011-11-16T14:56:40.730Z,48.5211667,-119.9111667,-0.897,2.5,md,10,107,0.4179,0.12,uw,uw10830953,2016-07-22T18:03:44.550Z,Washington,earthquake,0.028,0.07,0.02,6,reviewed,uw,uw
2011-11-05T07:42:46.380Z,47.31,-121.9573333,17.579,2.6,md,46,76,0.1238,0.17,uw,uw10828543,2016-09-01T18:43:32.066Z,"Puget Sound region, Washington",earthquake,0.208,0.27,0.03,22,reviewed,uw,uw
2011-10-19T19:51:08.590Z,45.9258333,-122.4098333,10.478,2.6,md,46,45,,0.22,uw,uw10831813,2016-09-01T18:43:29.704Z,Washington,earthquake,0.262,0.42,0.04,16,reviewed,uw,uw
2011-10-18T12:25:30.850Z,45.1231667,-120.9386667,20.155,2.9,md,29,103,0.1127,0.2,uw,uw10831653,2016-07-22T18:00:34.340Z,Oregon,earthquake,0.538,1.09,0.04,11,reviewed,uw,uw
2011-10-15T06:11:29.180Z,46.4083333,-119.2623333,1.265,3.4,md,36,68,0.02776,0.24,uw,uw10830603,2018-07-09T18:54:20.324Z,Washington,earthquake,0.457,0.76,0.04,11,reviewed,uw,uw
2011-10-14T23:29:12.530Z,46.854,-121.7543333,-0.754,2.9,md,44,46,0.02262,0.27,uw,uw10830463,2016-09-01T18:43:28.807Z,"Mount Rainier area, Washington",earthquake,0.436,0.82,0.05,14,reviewed,uw,uw
2011-10-14T22:25:16.470Z,46.7558333,-121.9188333,9.912,3.4,md,63,65,,0.2,uw,uw10830238,2016-09-01T18:43:27.985Z,Washington,earthquake,0.247,0.46,0.04,18,reviewed,uw,uw
2011-09-22T20:22:06.590Z,47.4283333,-122.0481667,30.893,3.2,ml,89,48,,0.55,uw,uw10830228,2018-07-09T18:53:56.662Z,"Seattle-Tacoma urban area, Washington",earthquake,0.58,0.88,0.219,151,reviewed,uw,uw
2011-09-16T17:21:17.680Z,45.7936667,-122.6233333,15.122,2.7,md,46,43,,0.19,uw,uw10828298,2016-09-01T18:43:26.473Z,Washington,earthquake,0.256,0.71,0.03,14,reviewed,uw,uw
2011-09-06T02:20:46.770Z,48.18,-123.1683333,42.764,2.81,ml,35,41,0.1335,0.17,uw,uw10824603,2016-09-01T20:07:00.565Z,"Strait of Juan de Fuca, Washington",earthquake,0.29,0.59,0.187,34,reviewed,uw,uw
2011-09-05T03:48:33.380Z,46.4071667,-119.266,1.992,2.8,md,27,90,0.02709,0.21,uw,uw10824148,2016-09-01T18:43:24.049Z,Washington,earthquake,0.193,0.32,0.03,15,reviewed,uw,uw
2011-09-04T04:13:39.540Z,46.4108333,-119.26,1.605,3.7,md,35,46,0.02709,0.26,uw,uw10823553,2017-04-02T01:16:13.919Z,Washington,earthquake,0.266,0.28,0.04,19,reviewed,uw,uw
2011-08-27T21:32:03.330Z,47.7735,-122.3065,26.318,2.8,md,75,26,0.02166,0.32,uw,uw10826628,2016-09-01T18:43:21.922Z,"Seattle-Tacoma urban area, Washington",earthquake,0.214,0.15,0.04,28,reviewed,uw,uw
2011-08-27T02:53:06.940Z,46.4073333,-119.2618333,1.215,2.5,md,28,69,0.02874,0.22,uw,uw10826283,2016-09-01T18:43:21.271Z,Washington,earthquake,0.136,0.24,0.05,13,reviewed,uw,uw
2011-08-19T06:54:59.370Z,48.249,-121.8633333,7.857,3.3,md,60,56,0.06873,0.44,uw,uw10823668,2017-04-02T01:26:10.800Z,Washington,earthquake,0.595,0.97,0.04,19,reviewed,uw,uw
2011-08-18T07:49:44.860Z,47.4783333,-122.0448333,7.207,2.76,ml,45,41,0.1062,0.38,uw,uw10823313,2016-09-01T18:43:19.658Z,"Seattle-Tacoma urban area, Washington",earthquake,0.37,1.04,0.225,98,reviewed,uw,uw
2011-08-06T00:05:20.160Z,42.6163333,-122.4006667,7.158,2.8,md,27,44,,0.32,uw,uw10820338,2016-07-22T17:53:14.420Z,Oregon,earthquake,0.44,1.43,0.05,15,reviewed,uw,uw
2011-08-05T23:39:57.430Z,42.622,-122.4088333,12.419,2.5,md,28,47,,0.25,uw,uw10820323,2016-07-22T17:53:11.850Z,Oregon,earthquake,0.184,0.27,0.04,11,reviewed,uw,uw
2011-08-05T17:59:02.440Z,42.6156667,-122.398,14.964,2.6,md,25,64,,0.34,uw,uw10820258,2016-07-22T17:53:09.480Z,Oregon,earthquake,0.316,0.27,0.06,7,reviewed,uw,uw
2011-08-04T18:38:20.300Z,42.6255,-122.4065,2.349,2.5,md,23,47,,0.22,uw,uw10819928,2016-07-22T17:53:05.520Z,Oregon,earthquake,0.333,1.4,0.04,11,reviewed,uw,uw
2011-07-27T11:38:02.370Z,48.8403333,-122.1196667,16.22,2.6,md,27,98,0.07828,0.32,uw,uw10828173,2016-09-01T18:43:18.487Z,Washington,earthquake,0.544,0.38,0.03,9,reviewed,uw,uw
2011-07-24T12:19:28.850Z,47.7078333,-123.1781667,40.554,3.85,ml,61,36,0.1021,0.24,uw,uw10826768,2016-09-01T18:43:17.412Z,"Olympic Peninsula, Washington",earthquake,0.32,0.45,0.182,96,reviewed,uw,uw
2011-07-23T08:03:40.490Z,47.6423333,-121.7263333,17.836,3.25,ml,59,30,0.1407,0.25,uw,uw10826403,2017-04-02T01:31:16.007Z,Washington,earthquake,0.36,0.72,0.144,103,reviewed,uw,uw
2011-07-20T14:12:37.790Z,47.7488333,-122.5555,25.803,2.8,md,59,31,0.05916,0.24,uw,uw10825233,2016-09-01T18:43:16.045Z,"Seattle-Tacoma urban area, Washington",earthquake,0.081,0.2,0.03,22,reviewed,uw,uw
2011-07-16T03:54:00.980Z,48.2481667,-121.6451667,7.258,3.2,md,32,78,0.196,0.36,uw,uw10823563,2017-04-02T01:21:11.727Z,Washington,earthquake,0.689,1.16,0.03,13,reviewed,uw,uw
2011-07-12T06:10:07.580Z,42.3235,-124.491,19.166,2.7,md,10,268,,0.25,uw,uw10822358,2016-07-22T17:46:51.880Z,offshore Oregon,earthquake,2.866,0.55,0.05,6,reviewed,uw,uw
2011-07-11T11:41:46.180Z,48.2365,-121.6625,6.348,2.7,md,27,75,0.1819,0.26,uw,uw10822083,2016-09-01T18:43:13.883Z,Washington,earthquake,0.036,0.06,0.03,10,reviewed,uw,uw
2011-07-11T11:24:04.930Z,48.8795,-119.4868333,-0.113,2.8,md,16,122,0.4459,0.23,uw,uw10822068,2016-09-01T18:43:13.128Z,Washington,earthquake,0.898,2.64,0.03,8,reviewed,uw,uw
2011-06-22T10:54:56.990Z,42.203,-121.8885,4.433,2.8,md,21,54,,0.29,uw,uw10820073,2016-09-01T18:43:10.859Z,Oregon,earthquake,0.028,0.06,0.05,6,reviewed,uw,uw
2011-06-19T10:55:16.440Z,48.6105,-122.908,23.89,2.5,md,30,85,0.08487,0.26,uw,uw10819223,2016-07-22T17:45:28.970Z,"San Juan Islands region, Washington",earthquake,0.43,0.66,0.04,10,reviewed,uw,uw
2011-06-15T23:35:54.080Z,48.4836667,-122.7428333,25.823,2.8,md,34,36,0.08382,0.26,uw,uw10818198,2016-07-22T17:45:19.410Z,"San Juan Islands region, Washington",earthquake,0.304,0.57,0.05,9,reviewed,uw,uw
2011-06-15T01:52:58.130Z,47.7535,-122.3615,31.735,3,md,79,22,0.04858,0.32,uw,uw10818038,2017-04-02T01:06:17.462Z,"Seattle-Tacoma urban area, Washington",earthquake,0.439,0.32,0.03,25,reviewed,uw,uw
2011-06-13T10:24:05.630Z,48.2841667,-124.8246667,36.482,2.6,md,23,170,0.1339,0.38,uw,uw10817798,2016-07-22T17:45:08.420Z,offshore Washington,earthquake,1.16,0.99,0.03,9,reviewed,uw,uw
2011-06-06T02:35:16.300Z,47.7686667,-122.3516667,30.989,2.5,md,64,26,0.04405,0.31,uw,uw10816778,2016-09-01T18:43:09.169Z,"Seattle-Tacoma urban area, Washington",earthquake,0.139,0.13,0.04,24,reviewed,uw,uw
2011-05-27T22:02:51.190Z,47.4231667,-122.8818333,49.882,2.96,ml,52,28,0.1115,0.38,uw,uw10818483,2016-09-01T18:43:08.427Z,"Puget Sound region, Washington",earthquake,0.79,1.14,0.171,37,reviewed,uw,uw
2011-05-01T04:13:55.470Z,46.4045,-119.2553333,1.745,3.3,md,38,68,0.03385,0.32,uw,uw10812748,2016-09-01T18:43:04.857Z,Washington,earthquake,0.476,1.04,0.05,5,reviewed,uw,uw
2011-04-30T07:41:23.800Z,46.8518333,-121.7796667,-2.694,2.5,md,5,146,0.00917,0.22,uw,uw10815883,2016-07-22T17:42:14.980Z,"Mount Rainier area, Washington",earthquake,0.134,0.26,0.06,2,reviewed,uw,uw
2011-04-21T08:51:28.410Z,47.7203333,-120.0193333,4.758,2.6,md,18,47,0.04852,0.19,uw,uw10814253,2016-07-22T17:41:05.890Z,Washington,earthquake,0.383,1.21,0.02,8,reviewed,uw,uw
2011-04-13T19:35:18.150Z,46.8606667,-121.7596667,-2.897,2.5,md,4,106,0.02135,0.08,uw,uw10812728,2016-07-22T17:40:32.550Z,"Mount Rainier area, Washington",earthquake,0.028,0.52,0.04,3,reviewed,uw,uw
2011-04-11T02:15:58.770Z,46.858,-121.7585,-2.694,2.6,md,5,111,0.02208,0.41,uw,uw10812378,2016-07-22T17:40:24.950Z,"Mount Rainier area, Washington",earthquake,0.153,0.49,0.06,4,reviewed,uw,uw
2011-04-06T17:45:00.570Z,46.7093333,-121.6618333,5.267,3.4,md,50,88,,0.24,uw,uw10811698,2016-09-01T18:43:02.188Z,Washington,earthquake,0.305,0.23,0.04,13,reviewed,uw,uw
2011-04-05T21:05:52.920Z,45.122,-120.9543333,18.284,2.7,md,35,102,0.1036,0.28,uw,uw10811503,2016-09-01T18:43:01.488Z,Oregon,earthquake,0.574,0.57,0.05,11,reviewed,uw,uw
2011-03-27T11:37:11.330Z,45.1306667,-120.9381667,15.772,2.5,md,15,114,0.1524,0.27,uw,uw10826638,2016-07-22T17:39:29.990Z,Oregon,earthquake,1.009,2.5,0.03,8,reviewed,uw,uw
2011-03-22T05:49:55.520Z,46.849,-121.7398333,-2.777,2.5,md,4,133,0.01417,0.81,uw,uw10824308,2016-07-22T17:39:06.000Z,"Mount Rainier area, Washington",earthquake,0.294,0.91,0.05,3,reviewed,uw,uw
2011-03-18T04:34:49.980Z,47.2876667,-122.7066667,32.066,2.9,md,72,51,,0.22,uw,uw10822798,2016-09-01T18:42:58.710Z,"Puget Sound region, Washington",earthquake,0.141,0.15,0.03,17,reviewed,uw,uw
2011-03-16T17:32:07.920Z,46.8585,-121.7668333,-2.744,2.5,md,5,111,0.01949,0.4,uw,uw10821993,2016-07-22T17:38:44.070Z,"Mount Rainier area, Washington",earthquake,0.15,0.45,0.05,3,reviewed,uw,uw
2011-03-02T12:12:09.010Z,45.3556667,-121.7606667,3.128,2.6,md,28,52,0.0407,0.21,uw,uw10810828,2016-07-22T17:38:13.320Z,"Mount Hood area, Oregon",earthquake,0.412,0.68,0.03,6,reviewed,uw,uw
2011-02-18T09:05:38.720Z,46.8631667,-121.7763333,-2.767,2.7,md,4,180,0.01679,0.09,uw,uw10823138,2016-07-22T17:37:26.280Z,"Mount Rainier area, Washington",earthquake,0.045,0.11,0.04,4,reviewed,uw,uw
2011-02-17T14:01:59.060Z,46.87,-121.7701667,-2.714,2.5,md,5,134,0.02473,0.68,uw,uw10822273,2016-07-22T17:37:20.880Z,"Mount Rainier area, Washington",earthquake,0.198,0.37,0.04,3,reviewed,uw,uw
2011-02-17T10:55:04.590Z,46.2786667,-122.2145,4.789,2.5,md,47,74,,0.2,uw,uw10821803,2016-07-22T17:37:16.790Z,"Mount St. Helens area, Washington",earthquake,0.233,0.28,0.02,13,reviewed,uw,uw
2011-02-15T14:47:40.710Z,48.898,-123.479,18.3,3,ml,22,79.9,,,us,usp000hujh,2016-09-01T18:42:57.952Z,Washington-British Columbia border region,earthquake,,,,,reviewed,pgc,pgc
2011-02-14T18:37:45.330Z,46.2803333,-122.2083333,3.956,2.7,md,44,92,,0.17,uw,uw10816318,2016-09-01T18:42:56.400Z,"Mount St. Helens area, Washington",earthquake,0.275,0.25,0.03,10,reviewed,uw,uw
2011-02-14T18:35:25.730Z,46.2816667,-122.2136667,4.298,4.3,md,71,43,0.04154,0.24,uw,uw10816153,2017-07-18T00:39:09.205Z,"Mount St. Helens area, Washington",earthquake,0.397,0.32,0.03,9,reviewed,uw,uw
2011-02-08T16:36:36.410Z,48.563,-123.115,51.711,3.63,ml,48,67,0.06973,0.24,uw,uw10813623,2016-09-01T18:42:55.044Z,"San Juan Islands region, Washington",earthquake,0.4,0.58,0.177,103,reviewed,uw,uw
2011-01-29T22:44:14.320Z,46.287,-122.201,2.332,2.5,md,25,74,0.05191,0.18,uw,uw10827688,2016-07-22T17:35:40.660Z,"Mount St. Helens area, Washington",earthquake,,0.02,0.04,6,reviewed,uw,uw
2011-01-29T22:26:22.640Z,46.2833333,-122.2088333,2,2.6,md,37,47,0.04692,0.31,uw,uw10827178,2016-09-01T18:42:53.474Z,"Mount St. Helens area, Washington",earthquake,0.731,2.22,0.12,6,reviewed,uw,uw
2011-01-29T05:00:13.600Z,46.8386667,-121.7375,-2.418,2.5,md,5,78,0.004336,0.85,uw,uw10826358,2016-07-22T17:35:32.000Z,"Mount Rainier area, Washington",earthquake,0.228,0.46,0.03,4,reviewed,uw,uw
2011-01-25T23:41:20.300Z,46.1973333,-122.1905,0.422,2.68,md,21,46,,0.13,uw,uw10823018,2016-07-22T17:35:07.440Z,"Mount St. Helens area, Washington",earthquake,0.33,0.25,0.115,5,reviewed,uw,uw
2011-01-20T03:04:53.500Z,46.7961667,-124.288,38.375,2.7,md,22,225,0.3573,0.35,uw,uw10818568,2016-07-22T17:34:46.450Z,offshore Washington,earthquake,2.085,1.43,0.04,7,reviewed,uw,uw
2011-01-19T07:10:45.690Z,48.9583333,-120.6881667,8.411,2.9,md,21,114,0.6609,0.48,uw,uw10818028,2017-04-02T01:01:12.087Z,Washington,earthquake,1.229,3.68,0.04,10,reviewed,uw,uw
2011-01-12T02:59:48.700Z,46.1473333,-120.4776667,17.713,2.5,md,35,71,0.1517,0.28,uw,uw10815178,2016-07-22T17:34:29.440Z,Washington,earthquake,0.431,0.41,0.04,16,reviewed,uw,uw
2011-01-07T22:35:40.410Z,47.8193333,-121.947,19.172,3,md,71,35,0.06074,0.37,uw,uw10813143,2017-04-02T00:56:16.079Z,"Puget Sound region, Washington",earthquake,0.261,0.45,0.02,27,reviewed,uw,uw
2011-01-07T16:07:09.330Z,46.8566667,-121.7663333,-2.472,2.5,md,5,96,0.01917,0.1,uw,uw10812893,2016-07-22T17:34:16.390Z,"Mount Rainier area, Washington",earthquake,0.058,0.1,0.06,4,reviewed,uw,uw
2010-12-30T09:17:46.240Z,45.1315,-120.932,15.995,3.6,md,44,100,,0.33,uw,uw10818413,2017-04-02T01:11:17.338Z,Oregon,earthquake,0.581,1.09,0.04,21,reviewed,uw,uw
2010-11-22T23:56:28.260Z,48.2803333,-122.8355,8.39,3.1,md,49,32,0.1354,0.33,uw,uw10808483,2017-04-02T00:51:18.625Z,"Strait of Juan de Fuca, Washington",earthquake,0.028,0.07,0.03,13,reviewed,uw,uw
2010-11-16T15:51:08.800Z,46.556,-122.432,14.068,4.2,md,87,53,,0.22,uw,uw10807528,2016-09-01T18:42:46.138Z,Washington,earthquake,0.086,0.2,0.04,23,reviewed,uw,uw
2010-11-13T04:08:33.340Z,47.5833333,-120.2843333,7.996,2.5,md,36,40,0.03929,0.3,uw,uw10806818,2016-09-01T18:42:44.795Z,Washington,earthquake,0.545,0.64,0.05,14,reviewed,uw,uw
2010-10-30T05:35:48.800Z,44.428,-116.069,11.3,2.5,md,12,150.1,,,us,usp000hnss,2014-11-07T01:42:46.978Z,southern Idaho,earthquake,,,,,reviewed,but,but
2010-10-16T05:42:04.050Z,44.1618333,-118.2276667,14.981,2.9,md,6,148,0.8232,0.52,uw,uw10807438,2016-07-22T17:16:21.000Z,Oregon,earthquake,2.505,8.73,0.05,4,reviewed,uw,uw
2010-09-23T18:40:22.190Z,46.8641667,-121.9045,9.194,2.5,md,42,47,,0.14,uw,uw10810353,2016-07-22T17:15:11.310Z,Washington,earthquake,0.144,0.26,0.03,9,reviewed,uw,uw
2010-09-04T11:04:29.810Z,42.1623333,-124.5853333,23.172,2.9,md,19,221,0.2717,0.48,uw,uw10805878,2016-07-22T17:13:38.400Z,offshore Oregon,earthquake,2.233,2.3,0.04,10,reviewed,uw,uw
2010-08-23T02:40:56.450Z,47.6838333,-121.9543333,19.552,2.5,md,53,31,0.06739,0.33,uw,uw10801323,2016-09-01T18:42:42.400Z,"Puget Sound region, Washington",earthquake,0.314,0.2,0.03,10,reviewed,uw,uw
2010-08-17T19:39:07.430Z,46.361,-122.2511667,11.015,2.8,md,53,75,,0.19,uw,uw10800448,2016-09-01T18:42:41.443Z,Washington,earthquake,0.141,0.65,0.02,15,reviewed,uw,uw
2010-08-15T12:33:32.300Z,48.0283333,-119.6683333,-0.167,2.6,md,16,174,0.08228,0.16,uw,uw10799888,2016-09-01T18:42:40.726Z,Washington,earthquake,0.631,,0.04,7,reviewed,uw,uw
2010-08-06T04:08:25.330Z,47.8555,-120.3971667,11.643,2.6,md,26,57,0.1303,0.3,uw,uw10797008,2016-09-01T18:42:40.062Z,Washington,earthquake,0.618,0.82,0.03,9,reviewed,uw,uw
2010-08-04T09:06:26.890Z,46.1251667,-122.5015,16.959,2.8,md,65,26,,0.18,uw,uw10795808,2016-09-01T18:42:39.281Z,Washington,earthquake,0.283,0.57,0.03,13,reviewed,uw,uw
2010-07-06T11:52:51.410Z,46.117,-120.7461667,2.593,2.5,md,38,55,0.1666,0.21,uw,uw10795043,2016-07-22T17:09:12.260Z,Washington,earthquake,0.305,0.46,0.05,9,reviewed,uw,uw
2010-07-03T22:25:19.480Z,42.4743333,-124.1771667,34.306,3.45,ml,34,156,0.2643,0.34,uw,uw10794438,2016-09-01T19:58:58.269Z,Oregon,earthquake,0.81,0.75,0.162,30,reviewed,uw,uw
2010-06-28T10:51:48.140Z,46.8388333,-119.6855,2.226,2.8,md,33,42,0.1168,0.21,uw,uw10804313,2016-09-01T18:42:37.775Z,Washington,earthquake,0.389,0.52,0.03,16,reviewed,uw,uw
2010-06-17T14:23:24.520Z,46.1088333,-120.743,2.609,4.2,md,66,36,0.1596,0.2,uw,uw10803078,2017-04-02T00:41:28.727Z,Washington,earthquake,0.21,0.42,0.04,26,reviewed,uw,uw
2010-05-25T12:21:00.710Z,47.6856667,-121.9685,5.404,3.24,ml,52,38,,0.45,uw,uw10804513,2017-04-02T00:46:15.016Z,"Puget Sound region, Washington",earthquake,0.41,1.61,0.166,129,reviewed,uw,uw
2010-05-16T02:15:17.260Z,45.7323333,-118.5425,20.161,2.8,md,17,138,0.2271,0.08,uw,uw10803273,2016-07-14T01:18:24.550Z,Oregon,earthquake,0.27,0.35,0.08,7,reviewed,uw,uw
2010-05-15T18:03:12.370Z,46.802,-121.9291667,4.208,2.5,md,40,48,,0.11,uw,uw10803208,2016-07-14T01:18:22.130Z,Washington,earthquake,0.144,0.17,0.04,13,reviewed,uw,uw
2010-05-15T16:06:13.280Z,45.7461667,-118.5456667,19.665,2.7,md,22,76,0.2207,0.19,uw,uw10803198,2016-07-14T01:18:21.300Z,Oregon,earthquake,0.563,0.71,0.04,11,reviewed,uw,uw
2010-05-14T19:03:04.090Z,45.3595,-121.7521667,3.743,3,md,33,51,0.03788,0.21,uw,uw10802993,2016-09-01T18:42:35.601Z,"Mount Hood area, Oregon",earthquake,0.397,0.7,0.03,11,reviewed,uw,uw
2010-05-13T13:33:45.090Z,46.0818333,-122.5213333,13.711,2.5,md,29,82,,0.1,uw,uw10802718,2016-09-01T18:42:34.821Z,Washington,earthquake,0.17,0.31,0.02,12,reviewed,uw,uw
2010-05-08T11:57:43.270Z,46.8376667,-119.6875,2.716,2.9,md,44,36,0.117,0.22,uw,uw10801068,2016-09-01T18:42:34.138Z,Washington,earthquake,0.354,0.47,0.05,24,reviewed,uw,uw
2010-04-05T06:37:18.680Z,47.9008333,-121.975,22.576,2.5,md,58,40,0.05713,0.34,uw,uw10793748,2016-09-01T18:42:33.446Z,"Seattle-Tacoma urban area, Washington",earthquake,0.545,0.45,0.03,13,reviewed,uw,uw
2010-04-01T12:42:17.520Z,47.5966667,-122.5773333,29.907,2.5,md,60,36,0.0299,0.28,uw,uw10792033,2016-09-01T18:42:32.682Z,"Seattle-Tacoma urban area, Washington",earthquake,0.294,0.63,0.03,13,reviewed,uw,uw
2010-03-29T21:27:11.990Z,47.0033333,-120.9583333,1.279,3.8,md,84,35,,0.21,uw,uw10797023,2017-04-02T00:36:11.354Z,Washington,earthquake,,,0.04,18,reviewed,uw,uw
2010-03-25T22:31:07.140Z,47.3206667,-119.41,8.675,3.2,md,36,53,0.1322,0.23,uw,uw10796583,2016-09-01T18:42:31.283Z,Washington,earthquake,0.05,0.14,0.04,12,reviewed,uw,uw
2010-02-24T09:34:15.850Z,46.7383333,-124.0371667,39.989,2.7,md,41,175,0.2256,0.27,uw,uw10791108,2016-07-14T01:14:31.920Z,Washington,earthquake,0.717,0.38,0.03,8,reviewed,uw,uw
2010-02-20T10:05:09.200Z,48.3298333,-123.1968333,43.728,3.37,ml,55,32,0.1196,0.21,uw,uw10789633,2016-09-01T18:42:29.084Z,"Strait of Juan de Fuca, Washington",earthquake,0.32,0.53,0.14,89,reviewed,uw,uw
2010-02-04T05:54:36.240Z,46.3993333,-119.296,0.103,2.7,md,31,85,0.03028,0.15,uw,uw10783233,2016-09-01T18:42:27.766Z,Washington,earthquake,0.014,0.03,0.03,8,reviewed,uw,uw
2010-01-31T21:57:09.350Z,47.6078333,-121.7776667,11.725,2.5,md,32,78,0.1042,0.13,uw,uw10792918,2016-09-01T18:42:26.945Z,Washington,earthquake,0.228,0.17,0.03,11,reviewed,uw,uw
2010-01-02T16:36:45.910Z,45.137,-120.9555,14.468,3.6,md,42,78,,0.34,uw,uw10782693,2017-04-02T00:31:17.777Z,Oregon,earthquake,0.546,1.92,0.07,15,reviewed,uw,uw
