"year","fecal.coliform.bacteria","oxygen","pH","suspended.solids","temperature","total.persulf.nitrogen","total.phosphorus","turbidity","overall.WQI","adjusted.for.flow","Station"
1994,75,82,96,67,76,40,76,65,73,61,"01A050"
1995,75,80,96,29,73,53,28,24,56,55,"01A050"
1996,66,80,96,54,71,52,51,51,49,50,"01A050"
1997,63,73,93,36,82,43,29,34,41,45,"01A050"
1998,78,78,96,68,80,54,69,63,62,59,"01A050"
1999,82,88,96,36,89,34,34,33,42,54,"01A050"
2000,75,85,96,55,83,63,58,54,65,64,"01A050"
2001,80,82,94,60,83,63,69,68,68,58,"01A050"
2002,86,81,96,51,77,46,52,55,58,59,"01A050"
2003,81,79,96,42,76,70,52,44,57,58,"01A050"
2004,78,79,96,15,78,64,18,12,52,57,"01A050"
2005,78,78,97,39,78,61,49,33,54,52,"01A050"
2006,84,81,98,43,82,58,51,35,61,61,"01A050"
2007,78,83,97,48,84,57,55,39,51,54,"01A050"
2008,84,88,97,31,87,61,16,24,60,63,"01A050"
2009,79,85,97,47,71,72,42,47,69,62,"01A050"
2010,81,79,95,34,79,73,22,28,56,61,"01A050"
2011,71,90,96,37,88,62,11,32,55,55,"01A050"
2012,80,80,97,38,85,69,42,48,62,68,"01A050"
2013,84,85,93,40,83,54,45,48,61,57,"01A050"
2014,81,78,97,38,55,75,31,39,52,53,"01A050"
2015,79,60,90,40,45,73,33,34,44,39,"01A050"
2016,88,85,97,58,61,73,53,55,67,63,"01A050"
1995,92,88,91,31,82,90,33,27,63,71,"01A120"
1996,81,89,96,30,83,89,40,29,60,64,"01A120"
1997,78,89,94,31,79,69,31,30,54,56,"01A120"
1998,89,89,92,59,89,91,70,54,74,69,"01A120"
1999,86,92,88,51,90,86,55,45,68,74,"01A120"
2000,96,93,90,64,89,93,63,59,79,74,"01A120"
2001,90,93,86,59,83,93,64,60,78,72,"01A120"
2002,82,93,78,32,84,87,44,40,60,64,"01A120"
2003,89,89,96,46,86,93,58,45,69,65,"01A120"
2004,88,92,97,13,87,92,16,10,61,63,"01A120"
2005,90,89,96,45,88,95,54,40,68,65,"01A120"
2006,93,91,98,46,89,93,60,43,71,70,"01A120"
2007,91,89,92,48,89,94,57,38,68,65,"01A120"
2008,87,89,95,28,90,92,18,28,64,72,"01A120"
2009,91,90,94,60,80,80,55,60,70,66,"01A120"
2010,86,89,98,18,85,95,2,10,57,64,"01A120"
2011,89,92,97,42,92,95,23,46,68,66,"01A120"
2012,98,87,86,47,80,95,51,53,72,73,"01A120"
2013,91,89,96,45,85,90,55,60,70,68,"01A120"
2014,94,87,92,51,81,95,46,49,71,72,"01A120"
2015,92,84,94,29,68,89,2,21,59,59,"01A120"
2016,90,91,97,45,85,93,47,49,73,75,"01A120"
1997,89,79,93,1,78,3,11,4,28,NA,"01F070"
2002,79,82,94,10,69,5,9,9,27,NA,"01F070"
2007,93,82,91,25,73,29,54,27,37,NA,"01F070"
2012,96,80,98,27,66,21,54,32,39,NA,"01F070"
2007,53,67,92,89,79,1,52,83,54,NA,"01N060"
2014,74,73,93,80,78,1,45,73,53,72,"01N060"
2015,63,77,91,86,78,1,58,84,46,55,"01N060"
2016,71,71,93,87,80,1,55,83,58,68,"01N060"
2014,65,56,93,89,74,1,48,82,51,51,"01N100"
2015,67,63,91,74,59,1,31,73,32,NA,"01N100"
2016,67,43,92,94,80,1,49,93,47,47,"01N100"
1994,90,86,96,58,81,96,73,64,75,70,"03A060"
1995,90,84,91,46,83,98,58,59,73,76,"03A060"
1996,89,86,94,48,85,96,48,54,72,77,"03A060"
1997,83,88,96,38,89,91,51,38,65,75,"03A060"
1998,86,84,86,75,77,98,83,81,84,80,"03A060"
1999,89,83,96,58,89,94,71,65,77,81,"03A060"
2000,93,88,88,72,84,99,88,79,89,86,"03A060"
2001,93,88,97,80,86,99,88,83,91,85,"03A060"
2002,71,87,99,59,86,95,78,70,71,71,"03A060"
2003,96,85,97,53,78,99,75,63,76,74,"03A060"
2004,96,85,96,27,75,98,34,34,61,66,"03A060"
2005,96,86,97,53,74,99,74,58,73,70,"03A060"
2006,90,84,96,51,80,98,85,68,77,73,"03A060"
2007,95,86,97,54,85,99,82,62,77,79,"03A060"
2008,89,84,91,53,87,98,60,61,75,78,"03A060"
2009,92,86,93,58,82,99,67,55,76,72,"03A060"
2010,89,86,92,54,84,97,60,63,74,74,"03A060"
2011,88,89,92,50,88,98,56,67,73,75,"03A060"
2012,99,80,67,51,85,99,84,76,77,79,"03A060"
2013,94,82,92,66,84,98,89,85,86,83,"03A060"
2014,99,82,96,54,81,97,56,63,76,74,"03A060"
2015,92,83,95,42,78,98,45,55,68,69,"03A060"
2016,93,82,92,40,85,98,39,49,73,76,"03A060"
2000,98,88,94,65,80,98,70,68,83,NA,"03A080"
2005,100,86,97,64,75,99,86,68,77,NA,"03A080"
2010,95,87,94,60,80,97,65,66,76,NA,"03A080"
1995,67,71,96,73,81,14,71,74,66,71,"03B050"
1996,61,79,88,81,85,19,74,76,59,59,"03B050"
1997,64,79,90,74,90,36,55,73,50,53,"03B050"
1998,66,80,93,82,87,26,74,75,58,57,"03B050"
1999,53,85,95,79,81,19,78,84,66,63,"03B050"
2000,79,86,92,84,87,23,80,89,86,80,"03B050"
2001,63,88,93,83,84,22,82,80,75,69,"03B050"
2002,47,85,95,56,74,16,61,63,32,29,"03B050"
2003,72,86,93,72,72,18,63,71,49,48,"03B050"
2004,65,83,85,47,75,14,48,44,34,51,"03B050"
2005,76,83,96,73,76,47,81,70,71,70,"03B050"
2006,70,88,95,75,81,31,84,70,67,64,"03B050"
2007,76,82,92,74,76,40,82,69,74,75,"03B050"
2008,64,77,96,79,85,32,74,78,59,58,"03B050"
2009,74,84,96,77,83,41,78,83,80,76,"03B050"
2010,79,80,96,77,75,46,73,76,63,59,"03B050"
2011,66,80,91,66,83,52,56,66,52,58,"03B050"
2012,78,82,83,77,81,34,76,81,78,77,"03B050"
2013,79,77,93,87,86,41,84,87,86,81,"03B050"
2014,79,77,94,74,82,35,71,77,60,77,"03B050"
2015,80,78,94,78,80,20,71,75,67,73,"03B050"
2016,78,77,93,73,84,26,59,62,60,74,"03B050"
2010,86,80,93,78,80,46,72,79,NA,NA,"03B077"
1994,96,94,94,84,86,68,95,76,90,85,"04A100"
1995,98,93,96,64,88,77,66,63,78,79,"04A100"
1996,92,93,88,62,93,83,78,59,75,77,"04A100"
1997,94,92,94,34,89,76,48,44,64,70,"04A100"
1998,91,89,94,73,90,86,67,73,87,80,"04A100"
1999,95,92,88,62,94,53,95,59,71,74,"04A100"
2000,100,93,95,80,90,80,94,72,87,82,"04A100"
2001,99,96,97,70,88,84,95,74,86,80,"04A100"
2002,92,93,96,36,90,70,70,44,59,64,"04A100"
2003,100,94,97,81,89,52,95,72,85,82,"04A100"
2004,100,94,97,22,90,88,87,43,64,71,"04A100"
2005,98,95,97,68,90,89,100,59,81,81,"04A100"
2006,100,93,97,70,90,84,100,63,84,80,"04A100"
2007,96,94,90,62,90,87,94,50,75,78,"04A100"
2008,96,94,91,51,92,83,58,61,75,79,"04A100"
2009,98,83,90,65,91,85,86,66,81,78,"04A100"
2010,96,90,92,34,85,74,72,47,56,56,"04A100"
2011,96,93,94,60,90,84,69,63,77,78,"04A100"
2012,99,91,94,48,88,83,99,69,76,83,"04A100"
2013,98,93,93,67,90,82,99,59,75,70,"04A100"
2014,98,85,96,68,89,85,100,58,78,75,"04A100"
2015,98,88,95,46,85,84,70,47,70,76,"04A100"
2016,98,93,92,51,87,82,66,50,74,77,"04A100"
1994,81,93,96,85,66,75,93,81,83,74,"05A070"
1995,81,82,94,54,60,88,50,48,70,68,"05A070"
1996,80,83,92,46,72,80,48,39,66,68,"05A070"
1997,81,83,92,29,79,81,44,26,58,65,"05A070"
1998,86,88,96,43,76,88,63,35,71,71,"05A070"
1999,77,94,93,61,83,81,64,58,70,70,"05A070"
2000,86,89,96,73,83,87,65,61,81,73,"05A070"
2001,65,91,97,53,87,80,61,51,60,54,"05A070"
2002,67,94,94,18,71,76,19,10,44,68,"05A070"
2003,90,92,93,51,59,92,51,47,72,70,"05A070"
2004,85,89,76,3,59,90,1,1,55,64,"05A070"
2005,83,90,95,52,66,91,71,46,67,65,"05A070"
2006,85,92,94,63,76,83,82,61,71,73,"05A070"
2007,75,90,95,52,87,86,59,40,69,68,"05A070"
2008,74,88,91,62,82,87,72,65,75,72,"05A070"
2009,90,84,90,60,66,90,51,48,75,69,"05A070"
2010,86,95,90,52,66,87,46,51,71,70,"05A070"
2011,77,93,92,41,78,89,40,44,59,62,"05A070"
2012,91,91,94,60,80,91,79,63,81,79,"05A070"
2013,86,86,94,72,73,85,79,68,79,71,"05A070"
2014,86,84,95,55,70,94,51,49,72,71,"05A070"
2015,87,86,96,47,64,81,44,41,63,65,"05A070"
2016,85,89,95,39,77,87,41,36,67,81,"05A070"
1995,80,66,92,49,61,79,49,41,65,64,"05A090"
1996,77,76,86,47,75,83,60,41,64,65,"05A090"
1997,93,79,92,55,68,82,48,48,73,82,"05A090"
1998,78,81,83,36,61,89,65,17,61,NA,"05A090"
1999,89,86,92,52,67,81,57,43,70,NA,"05A090"
2000,84,85,96,52,70,89,38,56,66,NA,"05A090"
2001,73,80,97,58,76,90,64,57,67,NA,"05A090"
2002,69,82,96,20,68,80,24,13,47,NA,"05A090"
2003,88,74,94,52,51,92,43,46,64,78,"05A090"
2004,82,76,92,19,52,92,20,14,54,NA,"05A090"
2005,77,80,94,54,64,90,64,39,68,NA,"05A090"
2006,84,83,93,66,72,89,85,66,72,68,"05A090"
2007,75,84,95,49,81,88,52,37,69,66,"05A090"
2008,84,78,93,61,77,90,58,53,76,74,"05A090"
2009,91,70,91,64,66,91,55,57,70,64,"05A090"
2010,90,79,93,57,62,89,55,54,72,75,"05A090"
2011,68,84,92,26,77,94,53,34,53,51,"05A090"
2012,89,76,95,70,73,90,78,73,82,77,"05A090"
2013,83,74,92,65,73,88,67,62,69,62,"05A090"
2014,87,73,94,38,66,94,30,35,66,59,"05A090"
2015,87,68,95,69,48,84,70,60,65,71,"05A090"
2016,89,78,90,51,78,88,50,44,76,71,"05A090"
1995,87,73,90,30,64,97,21,19,63,NA,"05A110"
1996,66,81,92,20,76,91,45,9,47,NA,"05A110"
1997,92,80,90,56,77,94,47,44,72,NA,"05A110"
1998,83,83,95,58,79,89,72,45,71,NA,"05A110"
1999,92,84,92,45,89,92,46,38,70,NA,"05A110"
2000,80,89,94,46,85,97,41,52,67,NA,"05A110"
2001,86,85,90,39,76,98,41,32,62,NA,"05A110"
2002,92,86,95,44,78,95,32,33,67,65,"05A110"
2003,91,79,93,34,71,99,31,21,67,70,"05A110"
2004,78,78,87,4,59,97,1,1,56,NA,"05A110"
2005,88,79,88,39,70,97,47,29,68,NA,"05A110"
2006,81,83,90,53,75,94,75,51,68,63,"05A110"
2007,69,87,96,38,85,94,33,23,60,62,"05A110"
2008,80,84,92,58,83,96,50,47,70,72,"05A110"
2009,90,70,92,68,66,97,59,56,71,66,"05A110"
2010,89,79,95,53,70,96,59,50,74,74,"05A110"
2011,71,89,90,32,86,97,53,31,54,61,"05A110"
2012,93,79,96,70,74,98,79,73,84,82,"05A110"
2013,81,78,93,47,74,94,54,43,66,62,"05A110"
2014,86,76,92,40,68,99,33,31,68,68,"05A110"
2015,85,72,93,56,67,97,74,40,66,64,"05A110"
2016,79,82,92,36,81,94,37,31,62,63,"05A110"
1995,86,79,92,15,73,29,26,14,33,38,"05B070"
1996,77,82,96,3,80,12,11,3,22,25,"05B070"
1997,94,82,80,3,76,12,10,7,30,34,"05B070"
1998,87,85,86,14,68,24,39,13,31,22,"05B070"
1999,74,89,77,2,77,8,17,4,25,27,"05B070"
2000,94,93,93,19,76,21,27,31,35,32,"05B070"
2001,79,86,94,22,78,37,40,25,38,38,"05B070"
2002,76,89,93,1,78,2,12,7,19,25,"05B070"
2003,95,87,79,29,68,25,38,26,37,33,"05B070"
2004,88,85,82,1,65,36,1,1,29,38,"05B070"
2005,90,90,83,23,67,45,49,19,38,32,"05B070"
2006,93,90,61,40,76,18,68,34,52,47,"05B070"
2007,82,89,95,16,83,28,30,12,40,36,"05B070"
2008,88,84,91,15,84,14,42,24,43,41,"05B070"
2009,89,72,92,27,75,38,27,25,43,43,"05B070"
2010,91,87,81,5,64,33,27,10,31,32,"05B070"
2011,87,90,92,2,77,30,19,10,30,36,"05B070"
2012,94,80,93,37,77,36,55,42,45,42,"05B070"
2013,85,83,93,19,79,10,46,17,40,32,"05B070"
2014,88,81,94,3,75,42,5,6,36,40,"05B070"
2015,86,82,91,18,61,28,36,15,29,25,"05B070"
2016,84,85,95,16,80,19,28,18,32,31,"05B070"
1995,91,84,88,31,73,34,43,32,46,57,"05B110"
1996,87,87,92,38,76,54,55,42,53,51,"05B110"
1997,90,82,83,29,83,24,28,31,47,58,"05B110"
1998,88,78,77,45,80,49,54,50,57,56,"05B110"
1999,96,85,86,51,84,26,62,42,52,56,"05B110"
2000,95,92,93,70,81,45,77,63,64,59,"05B110"
2001,91,95,94,60,79,49,82,66,67,59,"05B110"
2002,84,90,93,18,76,25,36,19,36,48,"05B110"
2003,99,89,95,71,63,17,61,64,60,52,"05B110"
2004,93,88,87,18,55,54,43,20,44,61,"05B110"
2005,91,85,89,45,56,64,83,45,42,36,"05B110"
2006,94,92,83,81,65,39,100,74,82,78,"05B110"
2007,89,89,85,60,68,55,97,52,73,69,"05B110"
2008,95,91,88,65,76,51,74,61,78,77,"05B110"
2009,87,76,91,70,75,52,79,64,70,60,"05B110"
2010,95,85,86,43,57,54,55,44,49,49,"05B110"
2011,86,88,92,43,70,46,47,41,43,50,"05B110"
2012,97,89,95,68,74,52,85,65,70,64,"05B110"
2013,92,86,92,82,75,37,95,75,79,70,"05B110"
2014,90,89,94,48,64,52,69,54,50,59,"05B110"
2015,92,83,89,34,69,42,51,34,43,52,"05B110"
2016,91,90,92,52,75,39,64,43,68,75,"05B110"
2010,85,81,91,69,75,32,51,66,NA,NA,"05G050"
2012,85,73,92,84,83,1,69,80,NA,NA,"05L100"
2012,80,89,93,1,83,1,1,1,NA,NA,"05M050"
1994,78,86,90,87,72,68,95,93,83,80,"07A090"
1995,74,88,83,77,73,80,75,72,77,80,"07A090"
1996,78,93,92,71,83,76,69,71,82,84,"07A090"
1997,75,89,90,69,81,77,63,73,76,80,"07A090"
1998,79,89,92,87,79,83,81,89,89,86,"07A090"
1999,88,88,92,72,94,76,83,73,83,88,"07A090"
2000,88,92,90,85,86,83,87,86,92,89,"07A090"
2001,81,89,88,88,85,87,93,91,91,87,"07A090"
2002,90,92,93,75,80,81,85,83,89,87,"07A090"
2003,87,87,92,74,72,88,87,81,81,80,"07A090"
2004,85,85,92,66,65,85,79,68,74,75,"07A090"
2005,74,84,90,80,69,86,92,78,75,74,"07A090"
2006,86,91,95,79,73,86,97,84,89,87,"07A090"
2007,73,89,92,65,83,87,86,68,75,76,"07A090"
2008,85,89,87,67,78,86,68,69,81,84,"07A090"
2009,85,82,88,73,77,91,76,77,85,84,"07A090"
2010,89,87,88,68,77,87,74,72,79,81,"07A090"
2011,83,93,87,64,82,89,60,66,77,79,"07A090"
2012,93,92,93,76,78,87,89,85,90,88,"07A090"
2013,86,87,89,86,78,84,90,89,88,85,"07A090"
2014,92,91,89,66,80,90,72,71,83,88,"07A090"
2015,88,87,88,85,62,91,85,83,81,86,"07A090"
2016,86,86,91,67,76,82,69,65,73,72,"07A090"
2011,81,86,89,61,77,89,62,65,NA,NA,"07A100"
2010,80,87,92,63,77,82,59,66,NA,NA,"07B075"
1995,97,87,92,91,67,96,96,89,88,89,"07C070"
1996,87,86,90,72,82,94,82,73,84,83,"07C070"
1997,96,87,88,82,79,91,70,79,90,89,"07C070"
1998,89,86,92,92,70,95,86,90,91,93,"07C070"
1999,94,83,90,74,79,92,84,77,87,85,"07C070"
2000,99,89,94,90,74,92,96,92,93,92,"07C070"
2001,89,84,95,88,77,96,99,91,90,90,"07C070"
2002,97,83,94,81,74,93,95,88,90,90,"07C070"
2003,91,77,93,80,73,95,91,82,80,80,"07C070"
2004,94,79,94,89,69,94,100,88,86,86,"07C070"
2005,92,78,94,91,70,96,100,87,85,86,"07C070"
2006,89,80,94,86,76,95,99,86,87,88,"07C070"
2007,84,85,93,80,82,94,99,80,86,85,"07C070"
2008,91,85,87,70,81,95,85,72,85,83,"07C070"
2009,90,79,87,74,78,96,80,73,83,82,"07C070"
2010,88,88,89,71,69,93,69,73,81,82,"07C070"
2011,89,85,92,80,78,96,95,84,89,90,"07C070"
2012,90,92,93,80,74,95,94,84,86,88,"07C070"
2013,87,81,90,80,75,91,91,85,84,84,"07C070"
2014,97,87,88,81,71,97,87,83,87,89,"07C070"
2015,85,81,91,83,57,97,94,82,72,72,"07C070"
2016,93,82,92,77,79,91,79,72,86,85,"07C070"
1995,60,89,80,75,73,73,72,72,66,73,"07D050"
1996,68,91,90,76,84,64,78,75,78,78,"07D050"
1997,64,88,88,74,79,73,64,72,71,69,"07D050"
1998,70,83,88,88,78,82,82,88,82,80,"07D050"
1999,82,93,80,66,91,75,78,75,80,82,"07D050"
2000,84,91,92,81,84,79,84,83,89,90,"07D050"
2001,85,93,94,75,79,82,83,80,83,91,"07D050"
2002,84,89,89,74,76,81,84,82,83,80,"07D050"
2003,82,88,90,82,67,87,87,85,81,79,"07D050"
2004,83,86,92,81,63,86,99,84,80,80,"07D050"
2005,87,87,86,77,65,86,94,78,83,80,"07D050"
2006,81,89,91,77,71,83,93,83,82,78,"07D050"
2007,73,87,89,67,81,84,81,68,75,73,"07D050"
2008,84,86,85,67,69,81,80,71,78,76,"07D050"
2009,83,88,83,73,71,88,76,78,85,82,"07D050"
2010,83,88,89,69,72,86,74,71,78,78,"07D050"
2011,83,89,79,71,81,87,47,73,82,85,"07D050"
2012,83,88,92,68,70,85,83,77,81,82,"07D050"
2013,90,86,89,83,70,86,86,87,87,83,"07D050"
2014,91,89,86,69,74,88,75,71,81,85,"07D050"
2015,82,87,90,81,60,89,92,86,79,78,"07D050"
2016,78,82,90,65,69,78,65,61,67,69,"07D050"
1995,88,78,92,80,80,91,66,83,84,84,"07D130"
1996,91,81,94,77,86,89,89,75,86,85,"07D130"
1997,93,78,86,80,87,89,69,77,89,88,"07D130"
1998,87,79,92,87,88,91,84,82,89,90,"07D130"
1999,90,78,90,75,92,89,86,76,88,87,"07D130"
2000,92,82,94,85,88,92,94,91,92,93,"07D130"
2001,86,85,93,87,87,91,90,89,88,88,"07D130"
2002,89,83,95,78,84,88,88,82,91,90,"07D130"
2003,89,74,94,88,80,90,92,90,86,87,"07D130"
2004,86,71,92,88,76,92,100,87,85,86,"07D130"
2005,87,77,83,81,78,89,99,82,87,87,"07D130"
2006,82,73,91,78,82,92,99,85,84,85,"07D130"
2007,82,79,92,66,83,92,82,67,80,80,"07D130"
2008,84,76,89,75,81,91,86,79,86,86,"07D130"
2009,88,76,87,72,82,94,77,76,85,84,"07D130"
2010,91,79,89,74,82,92,85,83,88,87,"07D130"
2011,85,81,85,68,87,93,75,77,84,82,"07D130"
2012,85,80,90,71,83,93,88,82,83,84,"07D130"
2013,85,71,89,75,79,91,88,83,75,76,"07D130"
2014,87,78,83,83,81,92,89,87,89,91,"07D130"
2015,85,74,87,74,75,91,83,74,75,79,"07D130"
2016,90,70,89,77,81,89,84,75,83,84,"07D130"
1996,61,60,90,91,88,1,64,89,43,NA,"07P070"
2010,59,68,91,82,84,31,62,86,45,NA,"07P070"
1996,22,1,80,74,74,1,23,61,1,NA,"07R050"
2012,78,7,83,81,77,1,47,69,4,NA,"07R050"
1994,71,89,95,92,73,77,95,100,81,83,"08C070"
1995,72,85,88,78,70,78,75,82,76,76,"08C070"
1996,68,88,91,56,82,79,64,63,68,67,"08C070"
1997,72,86,96,75,79,79,60,82,75,72,"08C070"
1998,63,89,83,81,75,76,76,88,65,65,"08C070"
1999,72,84,90,88,85,84,86,91,83,82,"08C070"
2000,78,96,85,83,82,91,83,96,87,88,"08C070"
2001,67,82,75,82,79,88,85,94,76,77,"08C070"
2002,68,91,88,60,67,79,67,71,60,59,"08C070"
2003,72,90,73,85,69,84,82,96,78,82,"08C070"
2004,68,90,65,82,74,88,100,94,72,70,"08C070"
2005,81,89,78,88,70,80,96,91,84,85,"08C070"
2006,75,96,81,87,74,90,98,94,81,84,"08C070"
2007,79,92,73,77,79,90,89,79,79,76,"08C070"
2008,79,89,61,80,77,88,90,90,79,80,"08C070"
2009,84,88,76,74,74,92,91,92,81,83,"08C070"
2010,76,84,67,81,74,92,85,92,77,76,"08C070"
2011,81,93,69,72,81,83,79,81,75,74,"08C070"
2012,85,93,84,86,75,91,97,99,85,87,"08C070"
2013,70,89,93,84,76,90,93,97,76,78,"08C070"
2014,77,87,80,76,71,90,82,85,80,79,"08C070"
2015,86,82,79,81,61,91,92,95,74,83,"08C070"
2016,82,87,87,87,77,77,90,91,85,84,"08C070"
2009,91,90,97,90,90,95,97,99,NA,NA,"08C100"
1994,94,89,92,99,87,93,100,100,95,95,"08C110"
1995,99,91,95,92,88,91,96,96,96,96,"08C110"
1996,97,89,97,94,89,92,98,98,95,95,"08C110"
1997,100,85,91,99,88,92,75,100,95,95,"08C110"
1998,95,89,90,98,89,94,83,99,95,96,"08C110"
1999,97,89,94,98,91,92,89,99,96,95,"08C110"
2000,98,92,96,95,90,94,92,100,96,96,"08C110"
2001,84,93,92,93,89,92,92,96,88,88,"08C110"
2002,97,91,96,98,89,93,91,100,96,96,"08C110"
2003,89,91,95,98,87,92,92,99,94,95,"08C110"
2004,93,89,96,100,80,94,100,100,95,95,"08C110"
2005,93,92,94,99,90,90,98,99,96,96,"08C110"
2006,94,90,98,98,86,93,100,100,96,96,"08C110"
2007,83,90,95,99,88,93,100,100,92,93,"08C110"
2008,82,88,89,98,88,92,99,100,90,90,"08C110"
2009,98,90,96,96,91,96,96,99,96,96,"08C110"
2010,93,93,97,95,84,95,99,99,96,95,"08C110"
2011,93,93,94,88,85,93,80,88,90,89,"08C110"
2012,90,85,97,98,91,95,100,100,95,95,"08C110"
2013,89,87,93,96,85,95,100,100,94,94,"08C110"
2014,86,92,88,95,89,95,100,100,94,95,"08C110"
2015,86,85,95,99,83,96,100,100,90,92,"08C110"
2016,90,89,94,98,84,91,99,100,94,95,"08C110"
2009,42,44,95,51,74,1,16,62,NA,NA,"08N070"
1994,65,75,96,70,71,64,59,87,62,70,"09A080"
1995,62,76,96,74,58,58,57,75,52,51,"09A080"
1996,52,79,90,70,70,32,50,71,35,32,"09A080"
1997,64,81,97,60,85,60,44,61,50,46,"09A080"
1998,74,78,94,86,70,57,61,86,63,61,"09A080"
1999,71,83,94,79,81,56,63,80,70,69,"09A080"
2000,87,88,94,84,80,69,62,90,82,82,"09A080"
2001,72,87,96,78,86,72,63,86,73,75,"09A080"
2002,68,90,96,71,70,67,59,83,66,64,"09A080"
2003,75,87,96,75,59,72,59,80,67,72,"09A080"
2004,84,83,97,78,69,67,68,87,75,78,"09A080"
2005,61,85,97,72,68,46,63,78,49,46,"09A080"
2006,84,88,96,83,74,64,71,88,72,75,"09A080"
2007,73,85,96,74,79,66,74,77,68,70,"09A080"
2008,69,80,93,73,75,59,62,77,60,61,"09A080"
2009,78,74,95,77,69,66,60,80,69,71,"09A080"
2010,69,82,95,81,73,49,56,87,63,61,"09A080"
2011,77,85,92,59,78,72,48,62,68,63,"09A080"
2012,75,91,94,82,76,64,65,86,75,74,"09A080"
2013,81,80,91,80,72,70,59,86,70,73,"09A080"
2014,83,83,95,75,66,61,65,81,71,74,"09A080"
2015,85,77,92,85,62,70,59,90,67,85,"09A080"
2016,80,86,92,69,74,56,50,62,62,58,"09A080"
1994,93,83,92,84,74,27,95,81,78,73,"09A190"
1995,90,84,96,38,70,41,71,45,57,53,"09A190"
1996,91,83,92,65,78,49,66,50,66,68,"09A190"
1997,91,82,88,52,80,44,21,36,56,64,"09A190"
1998,86,81,77,69,77,61,52,74,66,63,"09A190"
1999,93,80,92,73,82,27,60,58,52,56,"09A190"
2000,92,85,86,79,74,60,63,71,75,71,"09A190"
2001,85,87,93,76,71,55,65,72,62,59,"09A190"
2002,88,87,94,72,80,46,63,60,61,60,"09A190"
2003,90,86,93,62,78,53,54,56,55,58,"09A190"
2004,90,79,98,72,78,47,97,65,77,73,"09A190"
2005,83,86,89,64,74,44,81,60,73,73,"09A190"
2006,88,84,91,81,73,50,100,74,85,81,"09A190"
2007,77,84,92,53,79,54,81,53,58,65,"09A190"
2008,87,83,96,71,80,44,71,47,59,58,"09A190"
2009,93,82,90,59,76,61,56,47,58,61,"09A190"
2010,93,87,97,71,75,58,78,65,63,61,"09A190"
2011,88,86,92,33,71,48,31,32,47,57,"09A190"
2012,92,83,94,76,74,57,84,71,69,67,"09A190"
2013,91,80,95,84,68,48,83,72,69,66,"09A190"
2014,89,84,92,66,72,58,72,63,63,70,"09A190"
2015,86,84,96,70,70,47,76,62,51,58,"09A190"
2016,80,82,92,67,76,18,63,51,45,53,"09A190"
1994,56,40,92,79,67,8,35,72,24,NA,"09H090"
2009,63,17,92,85,75,33,21,70,3,NA,"09H090"
2009,40,81,86,81,84,1,55,85,NA,NA,"09L060"
2009,73,89,84,84,90,1,61,89,NA,NA,"09M050"
2011,70,58,86,57,79,1,4,61,NA,NA,"09N050"
2011,52,92,91,72,92,69,50,65,NA,NA,"09Q060"
1994,59,80,94,28,81,75,12,21,49,46,"10A070"
1995,68,76,90,47,77,74,45,45,52,58,"10A070"
1996,58,79,96,43,73,72,33,41,47,49,"10A070"
1997,54,81,97,38,82,80,29,36,48,55,"10A070"
1998,60,77,88,46,82,77,44,43,41,40,"10A070"
1999,79,85,88,48,85,77,31,40,62,61,"10A070"
2000,80,86,96,45,83,90,25,28,60,58,"10A070"
2001,76,86,96,34,85,87,24,27,58,55,"10A070"
2002,74,81,96,23,78,79,11,20,57,55,"10A070"
2003,79,88,92,17,73,85,7,8,55,51,"10A070"
2004,76,87,96,2,85,77,1,1,51,53,"10A070"
2005,81,83,96,22,82,82,18,27,58,58,"10A070"
2006,83,83,96,23,82,88,44,22,59,56,"10A070"
2007,82,85,96,17,85,88,52,16,58,56,"10A070"
2008,80,90,96,25,88,80,26,33,61,63,"10A070"
2009,69,81,98,23,82,87,1,19,49,46,"10A070"
2010,67,84,97,47,80,79,44,50,62,60,"10A070"
2011,75,86,98,30,89,83,30,47,56,56,"10A070"
2012,88,90,98,54,87,87,50,51,71,69,"10A070"
2013,74,83,95,27,83,84,20,28,52,51,"10A070"
2014,73,86,92,24,80,86,15,18,54,54,"10A070"
2015,80,85,94,32,78,90,26,38,57,57,"10A070"
2016,79,86,94,8,80,83,1,3,44,48,"10A070"
1999,72,85,45,37,74,37,33,45,52,NA,"10C095"
2000,95,89,70,41,75,68,36,38,61,NA,"10C095"
2001,78,78,67,36,61,75,12,19,48,NA,"10C095"
2002,49,80,78,28,68,24,12,23,33,NA,"10C095"
2003,93,87,74,27,57,87,27,29,54,NA,"10C095"
2004,72,84,95,1,74,53,1,2,53,NA,"10C095"
2005,80,83,92,24,73,75,40,42,54,NA,"10C095"
2006,89,77,87,29,74,91,28,32,58,NA,"10C095"
2008,88,89,96,19,87,84,16,35,63,NA,"10C095"
2011,71,71,96,80,94,1,38,79,NA,NA,"10G080"
2008,88,94,95,98,88,97,98,90,NA,NA,"10H070"
2008,67,82,86,70,87,1,54,87,NA,NA,"10I050"
2011,55,92,91,83,91,1,62,84,NA,NA,"10J050"
1994,92,86,86,65,69,76,73,64,65,62,"11A070"
1995,93,85,95,66,69,80,67,57,74,79,"11A070"
1996,91,81,92,50,78,58,62,38,58,64,"11A070"
1997,92,82,88,59,59,77,41,46,59,58,"11A070"
1998,94,83,83,79,69,86,63,59,76,74,"11A070"
1999,89,87,88,51,86,74,43,37,60,65,"11A070"
2000,61,88,92,64,75,61,44,40,40,46,"11A070"
2001,93,81,96,67,75,61,52,54,60,58,"11A070"
2002,93,86,96,69,73,86,62,64,79,77,"11A070"
2003,96,89,86,78,64,91,46,68,79,76,"11A070"
2004,91,82,88,68,66,90,69,53,69,67,"11A070"
2005,81,84,92,73,76,78,58,58,71,70,"11A070"
2006,97,82,91,62,69,82,55,50,74,74,"11A070"
2007,92,83,97,61,79,90,78,46,75,77,"11A070"
2008,97,89,93,82,82,90,82,75,91,88,"11A070"
2009,94,85,95,73,64,93,48,53,74,72,"11A070"
2010,93,83,98,80,74,91,78,73,83,82,"11A070"
2011,94,91,97,73,84,90,76,75,86,85,"11A070"
2012,97,89,97,80,73,91,79,77,86,84,"11A070"
2013,91,84,94,80,76,90,75,71,83,81,"11A070"
2014,91,82,92,84,66,91,84,81,78,83,"11A070"
2015,93,86,92,79,73,88,74,72,78,88,"11A070"
2016,83,89,97,67,72,78,37,54,62,65,"11A070"
1996,55,91,88,80,70,1,66,86,57,NA,"12A110"
2012,59,93,96,85,79,1,80,89,59,NA,"12A110"
2008,9,77,96,60,80,1,41,71,NA,NA,"12B070"
2011,62,52,90,95,81,1,56,92,NA,NA,"12C060"
2009,76,81,80,94,56,1,76,95,NA,NA,"12F090"
1995,74,87,92,81,88,7,63,77,67,68,"13A060"
1996,76,92,94,85,76,23,75,87,74,74,"13A060"
1997,69,91,92,74,84,37,59,71,47,48,"13A060"
1998,83,79,86,85,84,35,63,80,61,59,"13A060"
1999,87,83,83,87,95,23,62,89,62,60,"13A060"
2000,87,88,90,78,95,26,61,78,62,60,"13A060"
2001,76,89,93,92,89,57,70,93,72,70,"13A060"
2002,82,88,93,80,88,23,65,84,70,72,"13A060"
2003,85,87,89,84,84,17,67,82,73,72,"13A060"
2004,62,81,90,75,83,32,74,79,61,59,"13A060"
2005,83,88,95,83,80,23,84,81,83,83,"13A060"
2006,87,86,92,91,74,1,83,89,88,87,"13A060"
2007,80,86,92,88,87,1,85,84,88,87,"13A060"
2008,86,95,97,85,83,14,73,84,83,84,"13A060"
2009,85,86,96,90,77,17,71,88,76,75,"13A060"
2010,72,85,95,81,86,21,69,77,74,76,"13A060"
2011,80,96,96,75,82,11,70,75,60,61,"13A060"
2012,87,95,96,84,85,27,76,86,84,86,"13A060"
2013,81,92,94,77,84,37,71,78,78,77,"13A060"
2014,84,93,92,88,79,28,82,89,88,88,"13A060"
2015,89,94,96,90,80,22,77,90,78,78,"13A060"
2016,76,93,93,73,79,16,66,71,61,79,"13A060"
2012,89,90,90,97,93,79,82,100,NA,NA,"14C050"
1998,84,79,88,92,83,96,74,98,91,NA,"15A070"
2008,77,77,88,86,74,96,81,91,79,NA,"15A070"
1998,77,89,96,87,91,68,75,87,83,NA,"15B050"
2008,83,91,78,86,86,18,67,87,75,NA,"15B050"
1998,54,78,88,86,91,32,53,72,44,NA,"15C070"
2008,59,86,84,96,88,39,64,91,53,NA,"15C070"
2008,81,68,92,81,77,93,86,88,NA,NA,"15D070"
2005,82,79,96,89,79,85,84,94,88,NA,"15F050"
2006,85,73,85,95,78,84,78,98,85,NA,"15F050"
2007,73,83,86,92,78,85,86,95,79,NA,"15F050"
2008,90,86,87,95,80,87,88,96,91,NA,"15F050"
2009,88,80,93,94,75,89,90,97,86,NA,"15F050"
2010,86,74,92,85,75,90,85,85,80,NA,"15F050"
2011,88,87,92,79,82,89,83,79,88,NA,"15F050"
2005,79,84,96,98,91,34,92,100,90,NA,"15L050"
2006,85,79,87,100,91,36,93,100,80,NA,"15L050"
2007,73,85,82,100,89,35,90,100,85,NA,"15L050"
2008,81,86,86,96,89,38,86,100,83,NA,"15L050"
2009,73,84,94,97,89,60,93,100,85,NA,"15L050"
2010,83,80,88,85,88,55,87,89,87,NA,"15L050"
2011,77,86,89,87,91,55,87,96,83,NA,"15L050"
2005,83,92,93,98,90,47,69,95,82,NA,"15M070"
2006,85,90,87,98,91,35,69,98,84,NA,"15M070"
2007,77,89,84,99,91,35,68,99,78,NA,"15M070"
2008,89,89,83,89,90,50,69,97,86,NA,"15M070"
2009,81,86,97,91,88,50,64,99,87,NA,"15M070"
2010,78,86,92,80,87,54,66,84,70,NA,"15M070"
2011,90,91,95,80,92,44,72,91,82,NA,"15M070"
2005,81,89,95,89,84,93,63,96,89,NA,"15N070"
2006,91,88,84,88,88,92,60,95,93,NA,"15N070"
2007,66,87,88,92,86,77,60,96,80,NA,"15N070"
2008,81,84,88,89,83,90,66,96,90,NA,"15N070"
2009,86,80,93,92,83,94,61,96,92,NA,"15N070"
2010,77,79,89,74,81,95,50,80,78,NA,"15N070"
2011,85,88,88,71,89,96,67,87,89,NA,"15N070"
1994,77,84,92,89,89,95,89,89,88,84,"16A070"
1995,84,85,96,93,84,98,91,92,93,89,"16A070"
1996,91,85,95,78,81,99,84,69,87,88,"16A070"
1997,78,84,77,85,90,99,72,80,86,84,"16A070"
1998,90,79,88,61,90,98,71,49,75,80,"16A070"
1999,88,80,88,75,95,100,79,71,87,89,"16A070"
2000,93,86,96,84,90,100,84,87,95,92,"16A070"
2001,94,85,98,100,83,100,90,98,95,91,"16A070"
2002,89,84,94,88,84,100,83,86,94,91,"16A070"
2003,88,85,93,73,86,100,72,67,85,89,"16A070"
2004,84,80,92,56,68,100,45,46,70,85,"16A070"
2005,74,82,92,53,82,98,60,50,67,69,"16A070"
2006,85,84,82,92,88,100,99,90,92,88,"16A070"
2007,80,88,83,92,86,100,95,89,89,85,"16A070"
2008,89,87,75,85,94,100,88,78,89,88,"16A070"
2009,88,87,90,90,90,100,91,86,94,91,"16A070"
2010,93,85,95,79,88,100,78,74,86,91,"16A070"
2011,94,91,96,48,88,100,46,44,70,75,"16A070"
2012,80,92,96,94,88,100,97,91,88,85,"16A070"
2013,81,92,97,90,90,100,95,89,93,89,"16A070"
2014,94,92,88,97,87,100,96,97,95,94,"16A070"
2015,93,86,95,87,85,100,92,84,91,89,"16A070"
2016,84,88,96,65,85,83,46,62,75,83,"16A070"
2011,100,92,98,79,97,97,95,89,95,NA,"16B130"
2012,100,89,94,83,96,97,100,100,94,NA,"16B130"
2013,100,89,94,100,96,94,100,100,97,NA,"16B130"
2014,100,84,92,96,93,94,100,100,95,95,"16B130"
2015,100,80,90,92,94,95,100,96,94,94,"16B130"
2016,99,83,95,94,94,92,100,97,95,96,"16B130"
1994,98,91,90,87,88,95,100,91,94,91,"16C090"
1995,97,94,90,79,85,98,89,81,92,NA,"16C090"
1996,97,92,90,87,91,100,68,84,96,93,"16C090"
1997,90,91,74,70,96,96,58,61,78,76,"16C090"
1998,96,89,90,75,92,99,71,84,92,92,"16C090"
1999,99,94,95,72,99,98,84,74,89,89,"16C090"
2000,100,95,90,77,97,99,94,82,93,93,"16C090"
2001,92,92,96,92,90,97,99,97,95,91,"16C090"
2002,91,92,95,83,91,99,91,85,94,92,"16C090"
2003,96,91,90,75,91,98,92,79,90,90,"16C090"
2004,92,89,94,49,84,98,63,48,74,86,"16C090"
2005,97,89,86,80,90,96,99,86,94,92,"16C090"
2006,92,93,78,76,91,97,97,79,89,89,"16C090"
2007,87,95,83,73,90,98,88,73,85,86,"16C090"
2008,97,94,74,78,94,97,94,77,88,87,"16C090"
2009,93,92,83,88,93,98,100,90,96,92,"16C090"
2010,97,87,96,70,93,99,80,67,86,93,"16C090"
2011,99,98,95,71,93,99,86,74,89,93,"16C090"
2012,99,97,87,86,94,98,100,88,97,94,"16C090"
2013,94,95,94,85,94,97,100,90,95,92,"16C090"
2014,95,92,87,99,87,97,100,99,96,95,"16C090"
2015,90,89,94,78,86,96,95,82,88,87,"16C090"
2016,85,89,98,83,90,97,100,87,88,87,"16C090"
2000,75,91,91,94,95,100,90,96,87,NA,"17A060"
2001,93,89,88,98,86,96,89,100,94,NA,"17A060"
2010,92,88,97,80,90,100,81,76,88,NA,"17A060"
1994,99,89,88,69,87,97,82,63,83,76,"18B070"
1995,100,88,95,64,85,98,75,61,83,82,"18B070"
1996,99,85,93,66,81,99,70,51,79,82,"18B070"
1997,100,88,88,68,90,98,61,58,80,80,"18B070"
1998,100,82,91,74,77,99,66,69,87,83,"18B070"
1999,98,92,90,60,96,66,59,48,74,74,"18B070"
2000,98,86,94,70,85,100,79,66,86,84,"18B070"
2001,100,84,93,82,82,99,93,75,88,81,"18B070"
2002,100,86,96,68,84,99,56,61,83,84,"18B070"
2003,94,86,92,60,75,99,39,49,76,78,"18B070"
2004,96,84,95,41,82,99,49,36,73,78,"18B070"
2005,99,80,93,56,73,98,58,42,74,74,"18B070"
2006,99,85,86,76,74,98,96,70,86,81,"18B070"
2007,92,89,80,54,82,95,49,34,67,79,"18B070"
2008,97,89,78,45,84,99,37,31,66,68,"18B070"
2009,96,84,93,67,80,100,76,63,81,78,"18B070"
2010,99,78,93,63,87,99,60,58,81,84,"18B070"
2011,98,93,97,56,93,99,66,47,76,80,"18B070"
2012,97,93,89,21,94,95,15,14,64,60,"18B070"
2013,90,92,88,2,92,91,1,1,61,58,"18B070"
2014,84,91,94,1,89,91,1,1,54,51,"18B070"
2015,88,90,96,46,88,95,32,41,58,55,"18B070"
2016,80,90,96,37,89,93,9,37,71,70,"18B070"
2014,73,82,97,59,91,1,72,73,NA,NA,"18S070"
2005,86,79,93,79,77,64,95,86,87,NA,"19C060"
2006,86,86,84,73,76,50,95,82,81,NA,"19C060"
2007,85,83,87,73,81,82,97,80,87,NA,"19C060"
2008,94,87,87,61,88,36,86,74,79,NA,"19C060"
2009,87,81,94,69,75,46,74,71,76,NA,"19C060"
2010,87,73,93,71,77,71,78,74,76,NA,"19C060"
2011,87,87,94,52,76,65,56,57,63,NA,"19C060"
2012,93,87,77,82,85,69,100,91,85,NA,"19C060"
2013,85,88,96,78,82,56,87,86,87,NA,"19C060"
2014,85,82,87,80,74,53,90,86,81,81,"19C060"
2015,92,78,95,84,72,60,92,87,83,87,"19C060"
2016,91,81,96,63,67,67,65,66,68,79,"19C060"
2005,91,88,96,78,81,47,93,82,92,NA,"19D070"
2006,95,90,82,76,84,51,95,81,88,NA,"19D070"
2007,93,89,89,74,77,78,95,79,88,NA,"19D070"
2008,92,92,87,68,86,34,80,70,79,NA,"19D070"
2009,85,89,93,60,74,40,57,54,71,NA,"19D070"
2010,97,82,94,74,80,70,78,78,81,NA,"19D070"
2011,95,89,91,48,82,75,48,48,63,NA,"19D070"
2012,98,90,91,82,86,67,98,90,88,NA,"19D070"
2013,90,89,90,80,85,55,84,87,88,NA,"19D070"
2014,82,87,92,86,79,55,85,88,85,89,"19D070"
2015,87,83,96,80,78,66,90,86,84,91,"19D070"
2016,86,86,93,68,67,60,9,38,51,88,"19D070"
2005,83,76,95,69,81,61,89,82,81,NA,"19E060"
2006,84,81,81,63,85,46,92,80,77,NA,"19E060"
2007,82,81,88,75,79,78,97,84,85,NA,"19E060"
2008,92,82,83,75,86,36,85,80,86,NA,"19E060"
2009,88,77,89,88,79,37,92,94,87,NA,"19E060"
2010,91,72,91,72,79,68,77,77,75,NA,"19E060"
2011,89,84,94,57,73,68,65,67,63,NA,"19E060"
2012,94,87,97,81,85,62,97,92,88,NA,"19E060"
2013,86,86,96,80,82,45,89,90,89,NA,"19E060"
2014,86,72,87,81,75,42,84,88,83,85,"19E060"
2015,86,79,95,74,73,53,84,85,79,93,"19E060"
2016,76,76,91,39,76,41,1,38,43,60,"19E060"
1994,89,93,94,66,83,89,96,58,77,71,"20B070"
1995,82,91,96,46,74,93,64,47,67,69,"20B070"
1996,93,88,95,57,83,93,73,52,73,70,"20B070"
1997,79,89,90,30,92,88,49,28,57,53,"20B070"
1998,88,88,88,50,80,95,60,43,66,62,"20B070"
1999,92,88,92,21,91,92,59,39,64,69,"20B070"
2000,90,91,88,65,90,96,73,61,79,77,"20B070"
2001,91,90,96,66,82,93,73,56,76,71,"20B070"
2002,97,87,95,63,80,93,63,61,80,75,"20B070"
2003,93,86,95,55,77,95,60,54,72,70,"20B070"
2004,71,90,96,20,86,93,31,17,51,54,"20B070"
2005,70,86,93,38,79,91,47,33,56,52,"20B070"
2006,67,91,80,44,85,91,57,46,60,58,"20B070"
2007,47,94,85,30,84,94,39,23,39,60,"20B070"
2008,81,94,77,43,93,92,48,47,68,69,"20B070"
2009,77,90,90,50,87,94,67,55,67,60,"20B070"
2010,76,82,93,31,88,95,38,30,60,67,"20B070"
2011,87,94,92,42,87,95,45,51,70,76,"20B070"
2012,90,94,95,66,85,96,80,67,83,79,"20B070"
2013,80,94,96,51,91,91,61,47,68,65,"20B070"
2014,83,92,93,62,82,95,69,58,73,73,"20B070"
2015,88,89,96,54,75,93,60,54,75,73,"20B070"
2016,76,89,94,30,80,95,31,29,59,71,"20B070"
2011,94,93,91,76,89,98,82,75,89,NA,"20E100"
2012,98,94,95,99,89,98,100,99,96,NA,"20E100"
2013,74,93,93,99,88,98,96,100,85,NA,"20E100"
2014,81,94,87,99,87,97,97,99,89,NA,"20E100"
2015,92,94,92,100,85,97,99,97,93,NA,"20E100"
2016,86,92,92,46,86,97,44,45,72,NA,"20E100"
2012,89,85,98,83,70,84,97,92,NA,NA,"20F070"
1994,94,84,96,87,67,78,93,82,84,76,"22A070"
1995,89,85,92,61,68,87,63,60,76,76,"22A070"
1996,76,74,86,66,76,87,73,61,75,73,"22A070"
1997,91,80,88,62,86,83,51,56,76,73,"22A070"
1998,89,79,94,42,72,87,56,60,66,64,"22A070"
1999,97,83,92,54,83,87,70,52,76,81,"22A070"
2000,97,82,92,75,85,92,66,72,86,86,"22A070"
2001,90,85,95,68,80,85,68,66,81,79,"22A070"
2002,97,83,96,67,66,87,60,63,75,81,"22A070"
2003,93,78,95,67,60,93,65,62,74,70,"22A070"
2004,86,71,88,46,72,87,52,44,68,70,"22A070"
2005,88,76,86,65,78,89,79,62,77,74,"22A070"
2006,81,83,73,64,81,84,87,63,70,66,"22A070"
2007,74,84,79,49,80,92,64,41,67,79,"22A070"
2008,87,84,85,55,84,89,60,50,73,76,"22A070"
2009,78,77,87,68,82,88,67,66,78,77,"22A070"
2010,86,88,94,63,76,90,80,66,75,72,"22A070"
2011,89,85,94,45,80,91,38,40,70,81,"22A070"
2012,92,84,94,86,85,93,98,87,94,86,"22A070"
2013,82,87,94,77,82,83,91,77,84,78,"22A070"
2014,84,80,89,73,74,92,76,73,78,77,"22A070"
2015,93,77,92,77,67,87,89,76,72,69,"22A070"
2016,86,76,93,62,67,85,49,46,67,72,"22A070"
2014,80,66,87,87,65,58,85,84,NA,NA,"22T070"
1994,91,91,88,78,60,24,43,85,52,48,"23A070"
1995,74,83,90,67,71,17,39,68,44,47,"23A070"
1996,79,80,83,66,64,22,47,67,47,50,"23A070"
1997,74,80,86,61,75,17,38,67,47,44,"23A070"
1998,77,71,92,66,61,28,45,69,45,47,"23A070"
1999,83,80,92,67,79,15,43,73,51,48,"23A070"
2000,80,84,92,65,81,34,42,71,50,53,"23A070"
2001,83,84,95,72,79,36,47,76,53,50,"23A070"
2002,80,87,90,56,71,24,44,67,49,51,"23A070"
2003,85,84,97,61,58,24,47,67,52,52,"23A070"
2004,81,83,93,44,51,33,51,55,37,34,"23A070"
2005,77,79,92,57,64,23,59,62,47,50,"23A070"
2006,91,84,88,67,41,39,55,75,58,54,"23A070"
2007,93,83,87,69,70,36,55,77,61,61,"23A070"
2008,87,88,94,69,68,39,54,64,59,57,"23A070"
2009,84,83,90,60,65,45,47,64,57,58,"23A070"
2010,84,84,90,53,68,43,33,49,45,49,"23A070"
2011,68,91,93,49,69,42,44,50,41,42,"23A070"
2012,81,92,95,66,59,58,61,72,54,50,"23A070"
2013,85,89,92,68,68,52,58,75,62,59,"23A070"
2014,90,88,93,71,55,55,66,78,63,68,"23A070"
2015,88,92,90,65,53,46,57,72,54,59,"23A070"
2016,80,91,89,57,63,42,45,60,42,61,"23A070"
1994,79,67,90,76,65,62,76,85,71,68,"23A160"
1995,54,70,88,37,60,41,35,46,22,26,"23A160"
1996,82,73,74,58,72,56,63,61,58,64,"23A160"
1997,78,70,92,72,69,41,47,76,54,53,"23A160"
1998,79,68,91,72,54,56,49,70,46,44,"23A160"
1999,81,61,92,37,76,58,24,42,56,68,"23A160"
2000,74,85,91,67,55,78,45,72,66,72,"23A160"
2001,72,72,97,81,70,50,62,83,66,62,"23A160"
2002,69,76,87,61,38,34,41,72,36,36,"23A160"
2003,85,80,78,82,49,45,59,85,59,57,"23A160"
2004,86,84,83,67,49,52,76,81,61,63,"23A160"
2005,88,87,66,77,62,52,82,84,70,65,"23A160"
2006,82,77,91,83,56,67,78,86,68,63,"23A160"
2007,78,86,87,77,65,69,83,79,74,71,"23A160"
2008,80,56,93,41,68,72,44,48,51,50,"23A160"
2009,82,81,80,66,55,72,59,62,65,64,"23A160"
2010,82,79,97,68,72,67,64,67,69,67,"23A160"
2011,71,71,92,53,74,67,46,55,52,51,"23A160"
2012,84,64,96,77,69,74,75,81,72,70,"23A160"
2013,76,78,96,78,65,77,73,81,65,61,"23A160"
2014,87,67,92,81,58,70,81,85,61,78,"23A160"
2015,85,56,88,70,57,54,68,75,54,59,"23A160"
2016,83,70,94,56,67,47,54,60,55,57,"23A160"
2009,85,81,71,60,53,76,50,63,NA,NA,"23A170"
1997,61,60,92,62,63,16,45,65,39,NA,"23G070"
2009,85,78,92,61,49,74,59,65,64,NA,"23G070"
1995,43,83,80,31,75,19,32,43,14,25,"24B090"
1996,69,87,94,54,74,29,65,60,47,58,"24B090"
1997,68,83,88,70,82,23,45,76,52,47,"24B090"
1998,58,85,92,47,61,34,38,52,29,32,"24B090"
1999,69,76,90,39,78,26,30,41,33,51,"24B090"
2000,65,92,83,59,79,57,49,67,51,54,"24B090"
2001,65,87,93,74,80,47,63,80,56,47,"24B090"
2002,59,89,90,51,63,36,52,63,32,34,"24B090"
2003,74,88,94,72,59,34,61,83,55,49,"24B090"
2004,77,90,86,50,54,24,69,72,49,59,"24B090"
2005,84,91,92,68,62,20,79,79,73,67,"24B090"
2006,88,78,90,73,65,37,82,82,72,63,"24B090"
2007,77,92,89,72,65,40,78,78,72,62,"24B090"
2008,80,77,92,72,72,47,73,80,67,60,"24B090"
2009,79,71,90,73,69,39,68,80,66,61,"24B090"
2010,70,87,87,51,76,44,51,58,52,56,"24B090"
2011,73,79,92,61,74,35,52,68,48,45,"24B090"
2012,82,81,91,76,72,49,72,82,67,66,"24B090"
2013,78,87,91,78,78,57,69,82,80,72,"24B090"
2014,83,83,92,78,74,31,74,83,61,83,"24B090"
2015,80,74,88,66,56,24,67,76,62,64,"24B090"
2016,77,81,89,63,39,17,65,73,47,48,"24B090"
2010,58,74,85,61,80,41,52,67,NA,NA,"24B130"
1995,29,80,88,28,75,27,22,35,4,13,"24F070"
1996,75,85,77,55,73,58,64,59,60,70,"24F070"
1997,75,77,92,81,83,56,55,83,74,69,"24F070"
1998,70,80,88,52,72,60,44,55,46,48,"24F070"
1999,81,74,74,52,81,58,38,53,58,67,"24F070"
2000,74,84,88,64,84,72,54,73,67,71,"24F070"
2001,61,86,93,85,80,64,78,90,69,62,"24F070"
2002,62,82,88,63,68,62,62,70,51,53,"24F070"
2003,71,82,89,75,63,62,68,82,64,61,"24F070"
2004,72,84,89,55,64,51,77,77,65,73,"24F070"
2005,73,85,92,81,77,55,95,86,78,72,"24F070"
2006,73,72,92,89,72,62,95,95,76,68,"24F070"
2007,74,85,92,78,75,62,85,80,77,71,"24F070"
2008,76,84,96,89,77,61,93,92,84,76,"24F070"
2009,80,85,96,87,71,64,90,94,84,75,"24F070"
2010,64,87,90,53,80,52,56,55,58,72,"24F070"
2011,72,85,94,65,78,63,67,72,63,63,"24F070"
2012,67,84,96,84,76,66,80,90,74,66,"24F070"
2013,67,88,94,87,77,67,88,93,79,72,"24F070"
2014,73,81,93,97,73,66,94,99,78,83,"24F070"
2015,74,80,91,81,60,69,85,85,74,74,"24F070"
2016,74,83,95,73,76,56,72,78,72,69,"24F070"
2010,67,85,88,52,85,51,65,60,NA,NA,"24K060"
1998,81,72,92,59,83,67,46,62,61,NA,"25B070"
2011,84,85,96,53,82,69,56,59,68,NA,"25B070"
1998,68,79,92,59,75,42,46,67,45,NA,"25C070"
2009,84,82,96,69,68,67,76,80,74,NA,"25C070"
2005,83,93,95,72,84,44,81,87,83,NA,"25D050"
2006,71,91,95,83,78,53,96,91,86,NA,"25D050"
2007,69,87,95,77,83,36,91,82,80,NA,"25D050"
2008,79,92,96,89,83,56,92,91,88,NA,"25D050"
2009,85,86,96,73,67,57,77,81,76,NA,"25D050"
2010,74,92,94,62,80,47,56,57,60,NA,"25D050"
2011,79,94,95,62,82,42,64,70,63,NA,"25D050"
2012,75,90,97,88,74,51,79,90,76,NA,"25D050"
2013,82,93,96,82,80,52,81,87,85,NA,"25D050"
2014,83,90,93,94,71,56,84,96,86,96,"25D050"
2015,93,84,93,86,69,42,88,94,82,97,"25D050"
2016,83,87,96,80,78,27,78,83,82,89,"25D050"
2005,80,94,94,81,86,74,95,86,90,NA,"25E060"
2006,88,92,90,86,80,78,100,93,93,NA,"25E060"
2007,71,92,93,87,85,70,100,82,85,NA,"25E060"
2008,84,95,92,88,84,77,97,92,90,NA,"25E060"
2009,88,87,92,86,68,79,98,91,84,NA,"25E060"
2010,82,94,92,72,82,72,73,74,77,NA,"25E060"
2011,85,94,90,70,83,68,81,77,73,NA,"25E060"
2012,86,93,96,85,73,77,91,90,87,NA,"25E060"
2013,79,95,95,83,83,73,82,87,81,NA,"25E060"
2014,85,91,94,89,73,75,76,93,82,89,"25E060"
2015,92,91,92,81,68,65,66,87,70,83,"25E060"
2016,84,93,96,86,78,60,88,90,89,94,"25E060"
2006,97,81,95,93,80,87,100,100,92,NA,"25E100"
2007,96,85,92,90,86,48,100,100,94,NA,"25E100"
2005,73,94,85,86,88,82,100,87,85,NA,"25F060"
2006,80,91,91,82,82,82,100,89,90,NA,"25F060"
2007,81,93,92,89,87,80,100,87,90,NA,"25F060"
2008,81,94,93,92,87,81,100,94,91,NA,"25F060"
2009,88,91,92,88,82,78,91,88,90,NA,"25F060"
2010,76,94,88,75,90,80,84,78,80,NA,"25F060"
2011,85,95,94,70,88,74,76,75,77,NA,"25F060"
2012,82,93,93,89,85,81,94,93,88,NA,"25F060"
2013,79,94,93,85,87,79,95,88,89,NA,"25F060"
2014,80,93,92,97,86,80,100,98,90,90,"25F060"
2015,73,93,89,90,80,80,97,93,84,87,"25F060"
2016,80,94,90,86,90,75,94,91,90,91,"25F060"
2006,93,75,85,94,75,90,100,100,82,NA,"25F100"
2007,78,81,88,93,83,81,100,81,89,NA,"25F100"
2011,71,86,92,70,82,30,68,69,NA,NA,"25G060"
1994,88,93,80,82,90,90,83,81,90,86,"26B070"
1995,94,89,88,72,85,96,74,71,88,83,"26B070"
1996,89,95,90,43,84,86,52,30,63,69,"26B070"
1997,77,91,94,40,82,88,48,51,63,61,"26B070"
1998,75,92,96,44,83,92,58,35,67,68,"26B070"
1999,76,93,92,20,91,82,26,29,53,64,"26B070"
2000,88,93,94,46,91,93,56,60,72,74,"26B070"
2001,44,91,99,71,81,93,76,83,61,53,"26B070"
2002,85,93,95,34,86,90,32,57,68,69,"26B070"
2003,89,93,97,51,81,97,58,68,79,80,"26B070"
2004,85,93,89,37,82,93,45,57,69,67,"26B070"
2005,86,92,95,29,84,85,32,49,64,64,"26B070"
2006,93,93,97,60,84,92,75,75,84,85,"26B070"
2007,82,94,92,24,81,93,38,39,65,69,"26B070"
2008,90,95,98,32,86,96,33,41,70,68,"26B070"
2009,93,92,96,51,74,93,50,61,75,74,"26B070"
2010,80,93,97,53,87,95,67,69,77,76,"26B070"
2011,82,96,95,43,90,92,48,63,70,73,"26B070"
2012,81,93,98,51,86,97,69,76,78,75,"26B070"
2013,83,93,97,67,87,97,78,82,88,85,"26B070"
2014,94,92,96,70,75,96,80,83,88,87,"26B070"
2015,86,93,92,60,80,89,67,72,79,77,"26B070"
2016,86,93,96,51,85,83,41,51,67,75,"26B070"
2010,70,82,94,88,71,43,87,86,NA,NA,"26C073"
1995,90,89,88,95,77,93,91,98,90,NA,"27B070"
1996,90,88,96,66,76,77,76,66,77,NA,"27B070"
1997,94,89,83,90,81,79,64,90,91,NA,"27B070"
1998,93,81,86,85,64,82,73,85,81,84,"27B070"
1999,91,87,91,63,82,73,61,68,73,82,"27B070"
2000,90,91,91,91,84,85,73,94,92,93,"27B070"
2001,79,87,84,87,70,87,79,92,81,79,"27B070"
2002,84,84,96,91,83,76,76,93,91,90,"27B070"
2003,90,80,97,95,71,77,73,97,88,87,"27B070"
2004,81,79,94,74,73,77,80,79,78,79,"27B070"
2005,89,82,94,86,73,72,94,90,88,87,"27B070"
2006,93,75,94,95,72,75,90,98,87,85,"27B070"
2007,81,89,91,70,76,77,78,75,74,74,"27B070"
2008,88,95,85,90,85,80,88,91,93,91,"27B070"
2009,97,80,94,93,77,77,89,95,90,88,"27B070"
2010,91,90,90,86,80,80,79,86,89,89,"27B070"
2011,91,92,94,85,85,74,89,87,93,91,"27B070"
2012,89,92,88,88,78,85,85,92,89,87,"27B070"
2013,83,89,96,93,82,83,88,95,90,88,"27B070"
2014,94,85,95,96,76,76,90,99,86,95,"27B070"
2015,87,86,92,92,70,75,87,94,82,82,"27B070"
2016,88,86,93,90,82,49,77,84,76,91,"27B070"
1995,79,80,86,83,65,76,88,87,70,66,"27D090"
1996,73,73,90,85,52,73,81,85,62,NA,"27D090"
1997,86,76,90,96,63,80,66,93,76,76,"27D090"
1998,84,81,90,93,38,87,79,96,70,71,"27D090"
1999,94,74,91,78,60,79,77,79,67,66,"27D090"
2000,88,74,91,90,67,82,90,97,79,82,"27D090"
2001,74,78,92,95,56,82,70,94,73,74,"27D090"
2002,74,78,96,82,73,69,88,88,76,73,"27D090"
2003,86,76,88,99,57,84,90,100,77,81,"27D090"
2004,79,71,92,84,60,81,96,90,74,73,"27D090"
2005,88,77,92,96,61,78,100,95,80,80,"27D090"
2006,96,69,92,99,58,83,100,100,78,80,"27D090"
2007,72,78,91,90,52,83,100,92,73,76,"27D090"
2008,92,86,91,98,67,86,99,98,88,87,"27D090"
2009,90,74,98,99,62,84,96,98,83,85,"27D090"
2010,83,83,94,93,68,83,95,93,86,82,"27D090"
2011,91,84,97,93,70,82,97,93,89,88,"27D090"
2012,89,80,96,91,64,87,95,94,83,82,"27D090"
2013,86,85,95,99,69,81,99,97,86,88,"27D090"
2014,95,79,95,98,62,84,100,100,82,NA,"27D090"
2015,92,80,89,100,59,79,100,100,84,NA,"27D090"
2016,85,80,95,98,73,64,94,93,86,NA,"27D090"
2008,83,86,93,93,69,87,92,94,NA,NA,"28B070"
2010,87,82,94,98,72,74,96,91,NA,NA,"28B085"
2004,51,82,89,59,74,1,36,69,30,NA,"28C070"
2005,62,86,91,82,74,1,37,84,34,NA,"28C070"
2008,20,83,91,75,78,1,41,75,13,NA,"28C070"
2009,63,85,93,84,76,1,40,85,41,NA,"28C070"
2012,81,80,94,47,81,1,84,47,NA,NA,"28D170"
2008,88,99,94,36,96,55,46,50,NA,NA,"29B090"
1995,77,74,91,63,73,43,22,60,51,NA,"29D070"
1996,81,79,83,67,69,14,26,41,38,NA,"29D070"
1997,92,82,88,73,70,51,10,50,62,NA,"29D070"
2008,80,77,94,77,73,41,36,60,55,NA,"29D070"
1994,97,90,77,72,73,95,90,87,83,83,"31A070"
1995,98,89,74,87,79,92,85,80,88,88,"31A070"
1996,90,91,80,75,80,92,81,64,81,81,"31A070"
1997,93,88,86,81,79,90,73,68,87,87,"31A070"
1998,98,92,77,77,68,94,80,81,83,83,"31A070"
1999,100,91,80,89,85,93,78,81,94,94,"31A070"
2000,99,92,83,85,86,94,88,84,94,94,"31A070"
2001,100,88,75,83,73,95,91,90,87,87,"31A070"
2002,100,88,82,90,78,92,88,87,91,91,"31A070"
2003,99,85,83,87,74,94,83,79,88,89,"31A070"
2004,100,86,87,93,71,94,97,91,90,90,"31A070"
2005,100,91,77,94,73,96,98,92,90,90,"31A070"
2006,99,89,88,94,74,94,93,87,89,89,"31A070"
2007,97,86,86,92,73,95,92,85,87,87,"31A070"
2008,100,89,81,93,77,94,91,89,91,91,"31A070"
2009,100,87,83,91,78,94,91,87,92,92,"31A070"
2010,100,90,82,93,74,94,92,91,91,91,"31A070"
2011,97,87,85,88,77,95,87,80,92,91,"31A070"
2012,100,88,81,88,78,94,90,85,91,90,"31A070"
2013,93,81,87,92,72,95,92,91,85,91,"31A070"
2014,100,89,88,89,73,94,91,87,89,95,"31A070"
2015,100,88,85,94,71,96,96,95,87,NA,"31A070"
2016,100,86,87,93,72,94,93,90,90,91,"31A070"
2010,92,91,85,95,78,53,36,100,NA,NA,"31B110"
2010,89,86,80,99,75,87,83,96,NA,NA,"31C012"
2010,69,60,55,97,64,95,83,100,NA,NA,"31D010"
2012,77,72,75,75,61,1,70,88,NA,NA,"31E060"
1994,84,100,67,54,32,83,64,60,47,58,"32A070"
1995,79,99,67,39,45,82,52,45,53,50,"32A070"
1996,82,100,54,26,49,69,61,19,32,32,"32A070"
1997,61,80,80,7,51,70,43,5,34,30,"32A070"
1998,71,100,70,62,36,82,62,61,33,35,"32A070"
1999,82,100,63,54,42,85,60,61,43,45,"32A070"
2000,80,91,81,55,59,85,62,59,65,65,"32A070"
2001,69,89,78,43,49,86,54,39,42,41,"32A070"
2002,85,100,68,49,44,87,58,59,62,63,"32A070"
2003,79,94,83,45,64,85,62,64,72,68,"32A070"
2004,86,99,72,53,49,83,67,69,62,62,"32A070"
2005,86,100,68,71,31,85,65,71,59,62,"32A070"
2006,84,100,72,43,51,83,64,56,54,58,"32A070"
2007,77,100,54,55,36,83,71,63,55,59,"32A070"
2008,76,98,87,34,56,83,52,43,64,59,"32A070"
2009,80,97,71,32,65,82,44,39,61,56,"32A070"
2010,73,89,75,38,62,84,57,41,62,60,"32A070"
2011,83,99,64,21,48,86,43,37,59,55,"32A070"
2012,85,98,76,45,17,87,58,56,53,51,"32A070"
2013,80,92,69,58,54,88,67,66,62,63,"32A070"
2014,87,92,56,47,31,85,58,53,56,55,"32A070"
2015,85,44,47,65,48,80,63,70,48,78,"32A070"
2016,82,100,43,54,19,89,56,53,45,56,"32A070"
2003,56,65,80,48,64,88,64,64,53,NA,"32B075"
2009,61,78,68,26,69,84,42,39,51,NA,"32B075"
1994,80,80,77,88,79,84,80,86,77,76,"33A050"
1995,97,86,86,84,76,86,73,75,87,87,"33A050"
1996,89,86,77,60,71,79,73,45,63,63,"33A050"
1997,87,81,86,74,69,79,66,58,71,72,"33A050"
1998,97,78,86,86,73,84,73,74,82,82,"33A050"
1999,97,85,83,77,80,83,76,71,84,85,"33A050"
2000,91,87,88,83,78,85,72,76,83,83,"33A050"
2001,100,76,86,87,75,84,77,85,86,85,"33A050"
2002,97,82,87,87,71,80,77,78,86,86,"33A050"
2003,99,80,85,83,73,87,76,74,86,87,"33A050"
2004,100,80,81,87,68,85,81,85,87,86,"33A050"
2005,99,86,67,84,69,90,83,87,84,84,"33A050"
2006,100,83,81,87,70,84,77,77,86,86,"33A050"
2007,100,77,87,88,63,86,81,84,81,80,"33A050"
2008,100,83,83,86,79,85,79,79,91,91,"33A050"
2009,97,76,90,86,74,84,79,75,86,86,"33A050"
2010,97,83,82,87,78,85,79,80,89,90,"33A050"
2011,98,87,87,84,73,87,77,72,85,86,"33A050"
2012,100,87,74,84,69,85,81,77,83,83,"33A050"
2013,89,76,81,87,68,84,81,84,79,85,"33A050"
2014,100,83,87,93,72,90,81,87,87,93,"33A050"
2015,100,78,82,91,70,88,82,88,83,NA,"33A050"
2016,95,78,75,91,71,86,82,88,85,NA,"33A050"
1994,63,99,63,24,36,65,51,21,30,28,"34A070"
1995,74,90,59,40,51,48,52,33,37,35,"34A070"
1996,82,100,31,45,48,41,55,30,26,23,"34A070"
1997,79,100,59,28,35,31,48,20,16,15,"34A070"
1998,76,99,54,49,51,46,56,32,26,24,"34A070"
1999,85,100,45,43,57,36,52,39,30,31,"34A070"
2000,88,100,53,61,58,45,55,58,47,46,"34A070"
2001,90,100,33,59,26,37,56,53,29,26,"34A070"
2002,85,96,36,49,51,40,52,43,47,53,"34A070"
2003,78,91,54,68,55,49,63,62,53,53,"34A070"
2004,88,92,54,71,63,43,68,69,61,60,"34A070"
2005,86,96,70,77,59,75,66,70,67,65,"34A070"
2006,87,95,46,62,57,53,60,60,60,60,"34A070"
2007,83,85,63,51,54,50,59,40,52,52,"34A070"
2008,83,100,59,49,51,39,53,38,50,51,"34A070"
2009,82,100,50,45,43,51,50,42,37,42,"34A070"
2010,85,98,60,60,48,59,58,53,56,56,"34A070"
2011,84,98,64,49,52,53,57,44,50,56,"34A070"
2012,89,100,68,63,43,52,58,50,45,44,"34A070"
2013,84,91,58,72,49,45,65,66,56,54,"34A070"
2014,91,100,46,58,30,55,48,40,38,41,"34A070"
2015,88,97,56,53,22,58,50,41,38,39,"34A070"
2016,93,100,65,74,41,48,65,69,57,56,"34A070"
1994,64,56,59,79,76,91,71,62,50,46,"34A170"
1995,50,56,74,77,69,87,73,67,46,41,"34A170"
1996,65,70,83,44,80,73,77,37,51,49,"34A170"
1997,66,83,59,46,51,80,51,35,47,45,"34A170"
1998,64,70,80,71,78,89,67,43,60,57,"34A170"
1999,64,61,88,50,83,82,58,41,54,58,"34A170"
2000,59,81,81,66,80,80,64,54,58,60,"34A170"
2001,70,86,63,78,49,82,72,66,56,54,"34A170"
2002,76,91,74,65,46,75,69,56,63,70,"34A170"
2003,64,73,66,82,63,85,74,66,60,57,"34A170"
2004,82,83,80,80,70,81,82,72,77,75,"34A170"
2005,86,79,72,90,74,96,84,75,82,79,"34A170"
2006,69,80,31,60,72,86,72,49,50,58,"34A170"
2007,78,79,46,72,59,76,76,59,59,58,"34A170"
2008,69,67,88,76,81,69,69,65,65,63,"34A170"
2009,73,58,84,60,68,83,64,55,62,69,"34A170"
2010,84,68,85,81,76,91,75,66,79,76,"34A170"
2011,78,85,87,69,68,88,70,57,74,76,"34A170"
2012,66,69,92,72,80,84,73,63,67,68,"34A170"
2013,71,84,74,84,66,84,76,70,73,70,"34A170"
2014,70,58,87,64,66,90,66,56,58,57,"34A170"
2015,72,45,59,67,61,89,70,54,44,52,"34A170"
2016,64,73,76,57,63,75,61,55,48,44,"34A170"
1995,6,47,95,29,74,11,14,31,1,1,"34B110"
1996,47,58,88,36,81,14,15,23,19,21,"34B110"
1997,45,92,80,31,53,10,14,23,18,18,"34B110"
1998,46,51,93,51,76,7,20,37,15,14,"34B110"
1999,39,35,93,36,83,11,18,21,8,9,"34B110"
2000,55,84,88,67,85,16,14,42,29,31,"34B110"
2001,54,85,78,80,52,17,10,64,31,27,"34B110"
2002,60,83,64,62,60,17,24,48,41,50,"34B110"
2003,21,64,77,77,73,26,39,54,26,22,"34B110"
2004,60,74,80,85,79,28,40,69,59,55,"34B110"
2005,38,71,85,70,76,52,42,60,35,32,"34B110"
2006,25,57,69,57,74,22,43,29,8,10,"34B110"
2007,58,43,92,74,76,20,43,50,24,19,"34B110"
2008,44,68,90,64,84,12,50,50,32,34,"34B110"
2009,53,58,89,48,76,39,35,39,25,36,"34B110"
2010,50,62,73,51,80,45,50,43,29,27,"34B110"
2011,65,54,85,70,77,28,56,51,41,40,"34B110"
2012,54,79,88,78,84,30,59,60,49,45,"34B110"
2013,55,76,78,85,76,32,58,69,50,48,"34B110"
2014,70,37,93,69,76,36,50,47,30,31,"34B110"
2015,65,53,87,69,73,37,52,37,35,32,"34B110"
2016,59,71,90,57,74,25,44,41,37,40,"34B110"
1993,92,87,80,78,77,82,74,76,81,81,"35A150"
1994,99,84,83,85,56,84,77,82,76,75,"35A150"
1995,86,83,83,66,66,84,70,65,73,74,"35A150"
1996,93,83,74,73,76,84,75,71,80,79,"35A150"
1997,95,81,80,61,64,85,62,58,73,75,"35A150"
1998,94,80,86,76,71,84,70,67,77,78,"35A150"
1999,99,83,83,69,78,84,71,64,79,80,"35A150"
2000,97,82,77,83,82,83,71,79,85,85,"35A150"
2001,93,86,70,82,65,84,71,82,75,73,"35A150"
2002,96,86,72,72,69,83,74,75,79,79,"35A150"
2003,93,80,78,65,69,85,70,71,76,77,"35A150"
2004,89,77,80,82,68,82,74,83,79,78,"35A150"
2005,98,81,67,83,70,85,70,84,80,79,"35A150"
2006,93,79,81,67,65,83,69,64,73,71,"35A150"
2007,92,75,78,81,66,85,71,81,76,74,"35A150"
2008,87,81,77,71,73,83,72,70,80,80,"35A150"
2009,92,76,78,63,63,74,72,66,72,73,"35A150"
2010,94,78,76,65,70,81,72,70,73,74,"35A150"
2011,87,82,79,59,73,84,73,67,71,73,"35A150"
2012,85,80,79,78,70,84,77,81,76,75,"35A150"
2013,91,80,81,77,61,81,75,78,74,73,"35A150"
2014,92,76,79,69,65,83,74,72,73,72,"35A150"
2015,90,74,81,83,63,84,76,87,70,71,"35A150"
2016,91,83,81,83,74,82,76,83,83,84,"35A150"
1995,54,86,74,41,57,87,66,44,44,41,"35B060"
1996,81,83,59,51,50,84,69,52,59,58,"35B060"
1997,57,82,63,14,42,78,48,14,35,38,"35B060"
1998,66,88,63,57,44,91,66,46,40,38,"35B060"
1999,76,79,67,53,66,89,56,51,61,61,"35B060"
2000,83,90,74,78,55,95,67,80,72,69,"35B060"
2001,77,86,87,74,67,94,70,84,77,75,"35B060"
2002,73,88,88,73,69,93,69,74,75,74,"35B060"
2003,69,91,76,72,69,94,69,75,72,70,"35B060"
2004,89,87,84,81,73,94,80,89,86,83,"35B060"
2005,77,90,86,84,71,95,81,91,84,79,"35B060"
2006,88,90,81,77,77,93,78,82,86,84,"35B060"
2007,77,92,86,73,68,89,75,64,74,71,"35B060"
2008,79,87,58,45,68,87,66,51,65,73,"35B060"
2009,71,75,76,33,60,87,45,37,55,68,"35B060"
2010,83,89,59,65,63,93,71,71,66,65,"35B060"
2011,79,89,72,59,53,93,67,62,67,69,"35B060"
2012,76,91,54,59,58,95,71,68,63,64,"35B060"
2013,83,87,54,72,62,96,72,76,68,65,"35B060"
2014,81,84,68,58,54,96,68,69,63,63,"35B060"
2015,86,80,61,79,39,96,76,84,63,73,"35B060"
2016,86,89,61,80,61,94,70,84,68,67,"35B060"
1997,84,89,77,67,63,89,57,69,77,NA,"35D070"
2002,74,85,69,75,51,93,66,70,59,NA,"35D070"
2013,71,85,72,87,61,89,73,84,72,NA,"35D070"
2012,92,77,88,85,65,98,77,83,76,NA,"35D120"
2013,86,72,88,91,49,98,75,88,71,NA,"35D120"
2014,99,73,91,89,64,98,78,86,73,74,"35D120"
2015,89,71,91,97,57,98,79,96,72,75,"35D120"
2016,95,78,91,90,65,98,75,88,79,76,"35D120"
2009,49,83,74,18,56,74,24,19,29,NA,"35F050"
2010,65,86,65,58,66,71,59,53,58,NA,"35F050"
1994,100,91,74,94,71,98,96,97,86,86,"36A070"
1995,99,91,86,93,71,97,96,87,89,89,"36A070"
1996,95,91,77,86,76,97,91,74,88,87,"36A070"
1997,98,92,77,92,69,95,79,82,88,87,"36A070"
1998,100,94,74,95,59,97,84,77,76,76,"36A070"
1999,100,91,83,93,72,97,90,89,91,91,"36A070"
2000,100,91,88,94,77,97,100,93,92,91,"36A070"
2001,100,89,81,96,71,98,99,98,87,87,"36A070"
2002,100,91,82,95,73,97,97,94,90,89,"36A070"
2003,100,89,86,92,69,98,97,96,87,87,"36A070"
2004,100,89,86,98,70,98,100,99,86,86,"36A070"
2005,100,91,81,98,71,98,100,99,86,86,"36A070"
2006,100,93,81,96,68,95,100,95,85,85,"36A070"
2007,99,90,81,97,65,97,100,89,85,89,"36A070"
2008,91,91,78,97,69,97,100,93,84,84,"36A070"
2009,96,92,77,92,65,98,99,89,84,84,"36A070"
2010,100,95,78,94,68,97,100,95,85,85,"36A070"
2011,97,93,84,97,68,97,98,91,86,86,"36A070"
2012,98,93,86,96,74,98,100,94,90,90,"36A070"
2013,97,92,88,99,64,98,94,96,84,84,"36A070"
2014,90,94,82,94,67,98,100,95,84,84,"36A070"
2015,95,89,88,98,65,98,100,100,83,83,"36A070"
2016,97,88,83,93,68,96,99,95,87,88,"36A070"
1994,81,75,77,66,69,76,60,67,61,66,"37A090"
1995,67,78,88,46,83,77,55,55,45,43,"37A090"
1996,72,78,83,48,61,74,59,45,51,48,"37A090"
1997,67,89,70,50,58,75,60,54,54,50,"37A090"
1998,76,80,77,64,73,77,62,65,53,53,"37A090"
1999,74,90,77,44,72,77,61,60,58,55,"37A090"
2000,82,93,74,46,75,82,62,62,65,62,"37A090"
2001,93,51,82,78,56,79,58,76,61,67,"37A090"
2002,87,92,69,49,58,82,57,55,63,60,"37A090"
2003,86,93,73,61,64,79,62,64,67,67,"37A090"
2004,94,89,71,69,56,81,62,75,66,70,"37A090"
2005,97,98,54,84,52,81,61,85,63,70,"37A090"
2006,86,90,69,50,54,81,63,62,62,65,"37A090"
2007,88,95,63,62,37,83,65,65,58,59,"37A090"
2008,75,89,73,50,77,81,56,53,60,58,"37A090"
2009,83,87,71,50,77,81,64,59,60,60,"37A090"
2010,90,95,69,65,62,83,69,71,65,65,"37A090"
2011,80,91,73,48,66,81,67,58,62,59,"37A090"
2012,80,89,75,48,56,83,66,63,60,58,"37A090"
2013,85,93,68,55,58,80,64,60,57,57,"37A090"
2014,84,93,65,54,47,82,64,59,52,56,"37A090"
2015,89,95,57,77,40,84,70,79,49,67,"37A090"
2016,83,92,61,63,56,80,68,68,61,66,"37A090"
2009,88,93,65,69,83,94,73,69,81,NA,"37A190"
2014,88,93,75,69,77,95,74,66,80,78,"37A190"
1995,83,89,86,73,98,95,74,67,83,83,"37A205"
1996,79,85,83,59,96,95,70,51,71,79,"37A205"
1997,83,93,74,59,85,87,60,60,68,77,"37A205"
1998,77,89,86,72,90,95,73,69,77,78,"37A205"
1999,80,94,77,56,99,94,68,59,76,77,"37A205"
2000,83,95,54,63,94,97,78,68,71,74,"37A205"
2001,86,93,65,89,75,96,79,86,83,79,"37A205"
2002,90,95,63,83,97,96,80,80,88,85,"37A205"
2003,87,94,68,82,86,94,78,80,83,81,"37A205"
2004,93,94,65,74,79,96,85,78,82,79,"37A205"
2005,87,95,55,86,84,96,84,85,77,71,"37A205"
2006,87,95,65,78,91,95,81,72,81,80,"37A205"
2007,88,92,85,78,90,96,84,75,90,90,"37A205"
2008,91,91,72,77,90,96,82,72,85,81,"37A205"
2009,87,92,63,74,87,97,77,71,83,84,"37A205"
2010,94,94,73,88,95,96,83,86,88,83,"37A205"
2011,86,88,80,68,100,97,80,66,83,85,"37A205"
2012,78,87,78,74,97,97,81,74,84,86,"37A205"
2013,85,91,77,73,85,97,79,69,82,82,"37A205"
2014,88,94,73,71,81,97,80,65,82,81,"37A205"
2015,91,87,69,87,82,97,85,80,86,85,"37A205"
2016,88,92,68,67,78,96,78,66,79,78,"37A205"
2008,55,100,69,58,70,17,50,61,NA,NA,"37F080"
2009,61,91,85,51,67,90,64,58,NA,NA,"37G050"
2011,66,88,54,58,69,56,72,63,NA,NA,"37J060"
2000,100,90,75,85,78,98,86,72,80,75,"38A050"
2002,99,98,79,87,93,98,92,86,93,87,"38A050"
2009,90,94,60,67,77,99,79,67,79,77,"38A050"
2011,86,93,86,60,86,98,80,64,79,81,"38A050"
2012,84,90,79,78,76,99,87,79,88,84,"38A050"
2013,78,90,64,71,69,98,83,67,68,67,"38A050"
2014,88,93,67,68,69,99,81,63,76,84,"38A050"
2015,84,89,57,84,65,98,88,76,69,NA,"38A050"
2016,91,92,61,58,60,98,76,62,70,67,"38A050"
1998,67,92,74,69,91,94,73,69,71,NA,"39A050"
1999,78,95,67,71,95,95,72,70,71,NA,"39A050"
2000,85,94,63,67,98,95,78,68,71,NA,"39A050"
2001,91,95,42,90,76,96,81,87,74,NA,"39A050"
2009,83,87,57,69,89,95,72,66,79,NA,"39A050"
2010,89,94,75,83,85,94,76,83,90,89,"39A055"
2011,87,93,63,77,85,94,79,73,84,84,"39A055"
2012,82,92,71,75,91,96,78,77,84,85,"39A055"
2013,81,90,86,77,78,94,75,77,83,85,"39A055"
2014,80,89,76,74,77,95,80,74,84,82,"39A055"
2015,91,87,74,89,76,95,80,90,88,87,"39A055"
2016,86,93,65,81,74,94,80,83,83,83,"39A055"
1995,78,72,90,68,80,84,81,67,65,77,"39A090"
1996,90,78,77,55,79,85,66,41,72,78,"39A090"
1997,87,77,86,51,83,80,26,50,68,80,"39A090"
1998,92,72,86,68,79,91,35,72,76,72,"39A090"
1999,96,80,86,66,84,81,73,59,74,73,"39A090"
2000,88,79,83,52,85,80,80,53,67,66,"39A090"
2001,88,62,88,61,65,95,82,68,63,62,"39A090"
2002,95,80,87,74,78,95,82,74,84,82,"39A090"
2003,89,74,97,66,80,90,75,68,75,71,"39A090"
2004,88,72,94,65,75,92,100,68,70,66,"39A090"
2005,84,71,92,64,76,94,100,67,70,66,"39A090"
2006,90,79,87,68,85,78,100,67,78,72,"39A090"
2007,88,73,96,70,82,93,96,63,76,77,"39A090"
2008,93,72,98,65,87,95,93,63,76,74,"39A090"
2009,93,74,92,56,75,94,68,50,71,75,"39A090"
2010,86,77,96,69,76,99,89,64,78,73,"39A090"
2011,88,77,93,60,77,96,75,51,76,77,"39A090"
2012,89,80,96,66,84,100,86,63,79,78,"39A090"
2013,90,70,92,71,68,94,82,64,74,83,"39A090"
2014,87,70,96,64,77,94,66,58,71,92,"39A090"
2015,85,64,34,73,72,95,98,90,61,63,"39A090"
2016,83,57,96,79,76,85,82,67,72,73,"39A090"
2010,99,81,93,81,77,96,100,93,NA,NA,"39B090"
2011,91,81,81,73,79,99,77,65,NA,NA,"39M050"
2011,99,81,85,46,81,90,41,37,NA,NA,"39M100"
2012,90,88,86,93,70,98,69,89,86,NA,"39R050"
2013,86,88,83,95,71,98,68,93,85,NA,"39R050"
2014,83,85,85,97,64,97,69,92,77,NA,"39R050"
2015,83,86,82,100,66,99,69,99,80,NA,"39R050"
2016,88,83,80,93,62,96,65,95,82,NA,"39R050"
1994,73,100,70,48,58,58,69,58,37,34,"41A070"
1995,78,70,74,39,69,56,57,45,46,43,"41A070"
1996,68,92,74,20,64,52,59,43,26,24,"41A070"
1997,89,100,67,47,44,56,57,53,33,29,"41A070"
1998,84,100,59,43,51,56,68,57,33,30,"41A070"
1999,78,91,80,32,62,57,65,42,40,43,"41A070"
2000,80,100,73,38,48,58,65,50,36,41,"41A070"
2001,76,95,73,32,53,54,64,50,30,31,"41A070"
2002,81,100,74,48,54,60,72,59,42,41,"41A070"
2003,85,98,78,34,64,58,71,48,38,40,"41A070"
2004,84,89,78,51,59,58,73,58,49,49,"41A070"
2005,80,100,73,52,52,56,74,58,46,46,"41A070"
2006,83,99,76,58,56,51,67,56,45,44,"41A070"
2007,92,100,77,57,52,51,73,59,50,50,"41A070"
2008,77,98,79,43,61,56,65,46,33,35,"41A070"
2009,85,98,78,48,55,55,66,53,37,37,"41A070"
2010,85,99,77,50,51,54,65,55,36,35,"41A070"
2011,88,100,77,56,66,54,68,56,50,53,"41A070"
2012,72,92,73,44,56,57,64,50,33,33,"41A070"
2013,79,95,73,53,41,57,66,57,40,41,"41A070"
2014,87,100,74,62,34,56,71,65,40,47,"41A070"
2015,87,91,71,56,43,55,69,63,42,44,"41A070"
2016,85,89,80,68,54,60,70,70,68,66,"41A070"
1998,78,83,70,65,66,19,74,65,54,NA,"41E070"
2013,79,81,71,51,56,11,73,68,49,NA,"41E070"
1996,80,100,41,58,53,53,59,44,45,NA,"43A070"
2010,85,100,52,55,55,76,46,32,54,NA,"43A070"
1994,97,91,59,84,70,95,96,87,77,80,"45A070"
1995,91,95,67,77,76,95,90,81,80,82,"45A070"
1996,85,91,74,70,78,96,87,72,83,81,"45A070"
1997,91,91,70,66,78,96,80,76,79,78,"45A070"
1998,95,90,63,86,63,96,85,88,74,75,"45A070"
1999,88,95,45,66,88,95,83,73,71,70,"45A070"
2000,96,93,47,68,82,97,94,85,74,74,"45A070"
2001,96,90,67,92,59,96,95,97,73,75,"45A070"
2002,94,95,87,82,82,96,95,88,93,90,"45A070"
2003,97,94,64,88,64,96,94,93,75,78,"45A070"
2004,93,91,65,81,64,97,100,89,78,80,"45A070"
2005,95,93,62,96,62,97,100,98,82,85,"45A070"
2006,91,93,93,73,79,95,99,82,91,88,"45A070"
2007,91,95,75,83,71,95,98,87,88,88,"45A070"
2008,96,91,70,84,76,97,99,89,85,85,"45A070"
2009,86,93,84,78,76,97,95,85,87,87,"45A070"
2010,95,93,82,83,77,97,96,89,90,87,"45A070"
2011,87,94,90,68,80,98,93,82,87,84,"45A070"
2012,97,89,59,86,69,98,97,90,81,80,"45A070"
2013,87,92,78,82,70,98,92,86,81,80,"45A070"
2014,98,93,53,85,60,98,95,91,75,78,"45A070"
2015,92,92,61,88,50,96,99,94,65,80,"45A070"
2016,95,86,70,74,58,97,94,85,77,81,"45A070"
1994,100,78,86,72,76,75,70,83,82,74,"45A110"
1995,100,82,91,54,76,67,69,62,62,68,"45A110"
1996,96,82,88,47,85,83,65,59,70,75,"45A110"
1997,100,84,77,46,84,75,30,59,65,71,"45A110"
1998,98,71,83,63,74,82,45,66,75,73,"45A110"
1999,99,88,77,48,90,73,72,67,65,68,"45A110"
2000,91,81,93,57,88,81,83,58,74,74,"45A110"
2001,99,75,80,54,63,88,85,95,67,59,"45A110"
2002,97,78,83,51,85,83,86,69,75,78,"45A110"
2003,97,81,89,65,78,90,85,74,80,79,"45A110"
2004,93,68,79,62,71,88,100,62,73,69,"45A110"
2005,90,71,77,85,69,89,100,88,84,75,"45A110"
2006,97,79,90,45,81,57,100,73,73,73,"45A110"
2007,93,78,89,63,78,87,100,66,81,78,"45A110"
2008,100,76,93,57,80,82,93,70,75,79,"45A110"
2009,94,73,91,60,79,89,93,73,77,80,"45A110"
2010,95,79,90,57,83,90,98,71,78,78,"45A110"
2011,92,84,93,38,75,85,81,59,71,73,"45A110"
2012,97,76,92,49,73,91,93,70,70,77,"45A110"
2013,93,74,97,63,63,89,80,70,69,66,"45A110"
2014,94,73,91,58,63,83,86,75,70,61,"45A110"
2015,92,70,97,55,59,87,97,74,65,61,"45A110"
2016,96,72,92,68,68,73,51,56,63,57,"45A110"
2008,98,77,91,56,73,77,91,70,NA,NA,"45J070"
2008,95,79,89,21,81,62,66,46,NA,NA,"45K050"
2008,97,74,89,78,77,77,99,85,NA,NA,"45L050"
1994,90,89,80,87,72,97,97,95,90,NA,"46A070"
1995,87,95,83,70,88,95,80,75,85,86,"46A070"
1996,99,94,77,72,77,97,87,81,87,88,"46A070"
1997,96,93,63,69,82,96,70,74,79,80,"46A070"
1998,100,92,59,79,68,96,81,86,78,78,"46A070"
1999,93,96,63,68,95,96,80,74,77,79,"46A070"
2000,92,92,80,78,83,98,91,84,91,91,"46A070"
2001,100,90,67,92,70,97,93,96,83,82,"46A070"
2002,96,95,82,82,79,98,94,92,94,93,"46A070"
2003,99,93,55,90,76,98,95,96,80,80,"46A070"
2004,96,89,56,80,69,98,100,79,81,80,"46A070"
2005,97,92,75,95,70,97,91,96,89,88,"46A070"
2006,96,95,81,72,86,96,100,84,91,92,"46A070"
2007,97,93,64,76,72,97,100,84,85,85,"46A070"
2008,100,84,56,86,73,97,98,90,83,82,"46A070"
2009,95,92,80,87,82,98,96,93,94,93,"46A070"
2010,93,95,77,87,89,97,99,95,93,92,"46A070"
2011,92,95,79,63,92,98,89,80,85,86,"46A070"
2012,99,90,56,83,76,98,95,91,83,82,"46A070"
2013,88,92,89,85,80,98,92,87,92,92,"46A070"
2014,87,92,63,87,72,98,94,92,84,83,"46A070"
2015,93,88,80,76,64,98,91,87,81,82,"46A070"
2016,92,88,85,71,75,97,88,83,88,88,"46A070"
1994,97,89,77,87,75,96,96,94,89,86,"48A070"
1995,94,94,80,75,87,95,88,76,86,87,"48A070"
1996,97,93,74,84,74,96,93,83,86,85,"48A070"
1997,88,91,83,70,81,96,74,76,81,87,"48A070"
1998,96,91,77,82,72,96,85,84,83,83,"48A070"
1999,90,93,80,71,89,96,84,73,83,87,"48A070"
2000,98,87,77,81,74,97,97,84,87,86,"48A070"
2001,97,92,72,91,70,96,96,95,78,75,"48A070"
2002,98,93,79,85,82,96,97,88,93,90,"48A070"
2003,100,90,81,88,71,96,98,91,88,85,"48A070"
2004,97,89,78,73,63,97,96,78,80,77,"48A070"
2005,99,90,83,87,70,97,100,88,90,87,"48A070"
2006,98,89,79,62,76,95,95,70,80,85,"48A070"
2007,93,86,81,58,67,96,90,70,76,79,"48A070"
2008,99,94,77,76,89,96,97,84,84,87,"48A070"
2009,98,84,75,81,60,97,94,85,81,81,"48A075"
2010,100,87,79,85,78,97,97,88,89,89,"48A075"
2011,96,91,83,70,84,97,88,72,85,88,"48A075"
2012,95,89,64,71,74,97,93,84,84,82,"48A075"
2013,91,92,85,74,80,97,88,75,84,83,"48A075"
2014,85,89,83,74,74,97,87,88,77,72,"48A075"
2015,91,86,79,44,64,97,72,67,72,73,"48A075"
2016,89,89,85,62,76,96,84,76,79,79,"48A075"
1995,93,94,80,81,97,96,91,82,88,89,"48A140"
1996,100,94,80,91,87,97,95,90,94,92,"48A140"
1997,96,95,88,71,93,97,77,81,89,92,"48A140"
1998,98,91,88,88,83,96,84,89,94,93,"48A140"
1999,88,95,77,76,97,97,85,73,83,86,"48A140"
2000,100,92,80,87,88,97,97,86,95,93,"48A140"
2001,87,92,85,93,86,96,97,98,90,88,"48A140"
2002,100,94,86,92,91,97,98,95,96,93,"48A140"
2003,99,94,81,94,83,96,96,95,95,92,"48A140"
2004,93,93,74,76,78,97,98,81,86,85,"48A140"
2005,95,92,87,86,86,97,100,94,95,93,"48A140"
2006,92,92,85,65,90,96,99,78,86,89,"48A140"
2007,88,93,79,70,85,96,96,75,83,86,"48A140"
2008,98,93,81,75,84,97,95,81,89,89,"48A140"
2009,90,91,82,85,80,97,96,86,89,88,"48A140"
2010,100,92,77,91,91,97,99,90,94,92,"48A140"
2011,95,92,81,70,93,97,87,72,85,91,"48A140"
2012,98,94,74,79,88,97,96,91,91,92,"48A140"
2013,87,93,91,78,92,97,94,82,90,90,"48A140"
2014,94,93,89,87,89,97,99,91,95,93,"48A140"
2015,92,90,87,80,84,97,96,85,92,90,"48A140"
2016,86,89,91,69,91,96,88,70,81,80,"48A140"
2008,100,82,85,76,83,97,94,81,NA,NA,"48A150"
2008,90,80,85,67,81,93,87,77,NA,NA,"48B070"
2009,81,73,81,91,69,97,95,90,NA,NA,"48D070"
1994,86,77,83,68,59,97,83,72,71,70,"49A070"
1995,87,80,80,59,64,97,76,64,73,74,"49A070"
1996,87,81,80,49,60,97,78,57,66,71,"49A070"
1997,84,78,80,55,60,97,69,59,67,77,"49A070"
1998,85,72,80,67,61,96,76,73,71,65,"49A070"
1999,88,86,77,58,71,96,75,65,75,80,"49A070"
2000,90,87,80,71,66,97,91,75,80,80,"49A070"
2001,84,73,81,84,45,98,89,87,68,60,"49A070"
2002,92,87,83,59,73,98,82,65,76,77,"49A070"
2003,81,83,84,63,56,98,88,72,71,67,"49A070"
2004,80,81,78,59,51,98,90,63,69,67,"49A070"
2005,90,72,82,75,49,98,99,83,77,71,"49A070"
2006,84,79,78,55,55,97,88,64,69,67,"49A070"
2007,81,74,81,52,53,97,85,50,58,59,"49A070"
2008,91,78,83,61,65,97,84,68,71,74,"49A070"
2009,82,67,84,60,38,98,81,67,59,59,"49A070"
2010,89,72,79,67,51,97,85,76,70,68,"49A070"
2011,87,82,84,57,64,98,78,67,75,79,"49A070"
2012,85,80,83,62,53,97,82,75,71,73,"49A070"
2013,82,81,86,64,53,98,81,74,68,68,"49A070"
2014,85,79,83,67,43,98,83,73,69,65,"49A070"
2015,84,70,80,74,47,98,88,82,64,61,"49A070"
2016,83,74,83,70,53,98,87,80,71,67,"49A070"
1995,94,79,74,92,64,96,96,93,75,75,"49A190"
1996,100,78,59,90,51,95,90,93,71,71,"49A190"
1997,100,72,77,89,56,96,82,95,77,77,"49A190"
1998,87,78,70,92,48,96,82,96,60,59,"49A190"
1999,100,73,77,89,63,95,93,95,82,82,"49A190"
2000,95,80,62,88,65,97,94,83,70,73,"49A190"
2001,93,79,75,90,44,97,89,85,61,61,"49A190"
2002,97,79,81,82,67,97,90,84,78,78,"49A190"
2003,98,81,75,88,55,97,94,87,72,71,"49A190"
2004,99,73,73,94,48,92,100,92,68,68,"49A190"
2005,95,81,79,89,54,97,100,93,78,78,"49A190"
2006,98,84,65,90,47,96,100,92,65,64,"49A190"
2007,93,79,75,89,48,96,99,87,63,63,"49A190"
2008,100,81,75,89,62,96,91,88,73,72,"49A190"
2009,92,74,43,92,34,96,91,89,59,59,"49A190"
2010,89,79,66,93,48,96,95,89,66,66,"49A190"
2011,92,78,81,94,57,97,94,93,79,79,"49A190"
2012,94,76,78,92,50,98,94,95,70,71,"49A190"
2013,99,83,72,94,43,97,95,97,64,78,"49A190"
2014,93,75,69,92,43,96,94,96,63,61,"49A190"
2015,89,78,74,92,47,97,92,95,60,62,"49A190"
2016,94,71,77,91,52,96,88,98,68,67,"49A190"
1994,94,91,77,74,73,99,94,72,80,78,"49B070"
1995,93,88,77,67,76,97,83,69,77,79,"49B070"
1996,95,90,80,50,71,97,79,56,75,80,"49B070"
1997,90,87,83,52,71,97,66,54,71,82,"49B070"
1998,96,81,77,77,64,98,80,79,78,76,"49B070"
1999,94,91,80,65,80,98,78,63,81,86,"49B070"
2000,95,91,83,67,78,98,90,73,81,82,"49B070"
2001,95,84,85,89,60,99,94,90,82,74,"49B070"
2002,88,91,88,54,84,99,85,66,74,77,"49B070"
2003,96,89,85,71,66,98,93,79,79,76,"49B070"
2004,86,88,78,60,64,99,91,64,75,75,"49B070"
2005,96,81,92,55,57,99,100,86,76,70,"49B070"
2006,90,86,85,62,68,98,92,66,75,73,"49B070"
2007,89,82,81,45,65,98,79,36,64,66,"49B070"
2008,92,87,81,66,76,98,88,70,80,82,"49B070"
2009,91,79,85,63,51,99,80,56,66,66,"49B070"
2010,95,83,79,69,73,98,89,74,83,79,"49B070"
2011,95,81,83,61,76,99,80,66,78,83,"49B070"
2012,88,86,62,66,65,99,87,78,80,75,"49B070"
2013,90,93,83,62,71,98,76,62,75,79,"49B070"
2014,91,85,85,71,58,99,88,76,81,77,"49B070"
2015,91,82,84,75,50,99,87,80,71,65,"49B070"
2016,89,83,85,75,68,99,91,82,83,78,"49B070"
1995,100,79,86,98,71,97,98,91,86,86,"53A070"
1996,98,86,77,95,72,93,90,86,85,85,"53A070"
1997,100,87,86,94,68,96,59,85,88,88,"53A070"
1998,100,79,83,100,61,94,86,95,84,84,"53A070"
1999,100,83,83,98,77,97,92,91,92,92,"53A070"
2000,100,85,76,98,76,97,100,94,89,89,"53A070"
2001,100,76,88,98,84,98,100,99,92,93,"53A070"
2002,100,79,86,100,76,97,99,97,87,87,"53A070"
2003,89,78,87,99,76,98,96,100,82,83,"53A070"
2004,100,75,91,100,72,97,100,100,87,87,"53A070"
2005,100,81,88,100,72,98,100,100,89,89,"53A070"
2006,100,80,88,98,70,96,100,96,86,85,"53A070"
2007,100,78,68,100,73,97,100,99,84,84,"53A070"
2008,100,80,85,99,70,97,99,99,86,86,"53A070"
2009,100,78,85,93,73,97,100,98,85,86,"53A070"
2010,100,76,90,97,71,97,100,100,85,85,"53A070"
2011,99,81,85,93,73,97,96,90,89,89,"53A070"
2012,95,84,87,98,76,97,99,93,92,91,"53A070"
2013,100,85,91,100,68,98,100,100,91,95,"53A070"
2014,100,83,84,98,73,98,99,99,87,95,"53A070"
2015,100,82,88,100,68,98,100,100,85,85,"53A070"
2016,100,79,89,97,75,97,100,99,89,90,"53A070"
2009,75,74,65,80,69,80,69,83,48,NA,"53C070"
2010,69,74,75,86,72,80,73,85,62,NA,"53C070"
2008,100,63,87,89,84,80,85,87,84,NA,"54A070"
2009,100,60,88,87,84,80,83,77,79,NA,"54A070"
2010,100,66,86,91,83,84,84,87,89,NA,"54A070"
2008,88,76,85,66,86,17,61,61,67,NA,"54A090"
2009,88,83,83,50,88,19,50,50,55,NA,"54A090"
2010,62,80,83,75,90,43,63,74,60,NA,"54A090"
2014,79,70,82,72,84,20,84,73,76,83,"54A090"
2015,78,67,71,79,87,1,87,87,76,NA,"54A090"
2016,70,77,81,80,86,4,88,74,77,NA,"54A090"
1994,70,92,83,82,88,44,58,81,74,74,"54A120"
1995,50,90,83,70,83,60,59,66,56,56,"54A120"
1996,78,89,70,43,80,49,49,35,52,51,"54A120"
1997,82,83,83,51,89,63,44,41,51,50,"54A120"
1998,52,89,67,72,89,68,46,74,61,61,"54A120"
1999,74,89,83,39,94,31,35,35,40,40,"54A120"
2000,76,93,80,70,94,44,40,66,60,59,"54A120"
2001,95,87,87,73,90,21,53,73,68,69,"54A120"
2002,86,89,87,50,90,35,40,47,60,59,"54A120"
2003,44,88,88,73,98,31,49,68,37,41,"54A120"
2004,87,82,91,76,94,48,70,79,83,85,"54A120"
2005,81,86,91,78,93,26,61,81,69,72,"54A120"
2006,75,84,84,54,97,16,56,49,55,55,"54A120"
2007,84,88,84,66,88,1,71,53,69,69,"54A120"
2008,83,90,83,68,81,23,58,64,61,61,"54A120"
2009,93,91,83,55,93,2,52,53,57,56,"54A120"
2010,73,87,84,75,86,15,57,78,63,63,"54A120"
2011,66,93,84,53,95,10,55,50,43,42,"54A120"
2012,59,86,81,70,79,32,87,73,70,69,"54A120"
2013,91,94,81,78,82,17,86,68,86,85,"54A120"
2014,83,85,83,80,79,5,82,80,84,84,"54A120"
2015,84,90,80,89,88,1,76,91,85,89,"54A120"
2016,84,91,81,84,85,1,84,80,89,90,"54A120"
2010,71,86,77,83,86,74,96,79,NA,NA,"54A130"
1994,80,79,83,57,81,46,78,65,66,61,"55B070"
1995,69,72,83,56,81,45,72,58,52,46,"55B070"
1996,75,76,77,56,73,46,72,58,56,56,"55B070"
1997,68,46,88,47,78,52,31,43,13,18,"55B070"
1998,81,66,83,53,78,39,53,56,47,48,"55B070"
1999,79,51,88,51,85,44,52,49,39,44,"55B070"
2000,77,76,83,55,81,45,61,53,51,52,"55B070"
2001,69,64,81,56,85,42,72,65,45,41,"55B070"
2002,72,61,90,54,85,46,66,55,52,52,"55B070"
2003,59,60,88,59,87,42,64,63,40,33,"55B070"
2004,72,58,88,59,87,46,89,73,66,57,"55B070"
2005,70,61,86,61,87,50,90,71,60,52,"55B070"
2006,58,59,87,36,85,53,60,38,24,27,"55B070"
2007,75,73,81,58,81,51,78,60,62,60,"55B070"
2008,78,72,82,54,79,48,70,57,52,60,"55B070"
2009,82,68,81,55,82,45,62,59,58,60,"55B070"
2010,85,75,81,65,79,45,69,68,65,64,"55B070"
2011,77,73,84,56,84,54,56,50,53,66,"55B070"
2012,76,77,83,53,76,48,63,59,46,50,"55B070"
2013,83,74,84,59,78,56,78,63,66,72,"55B070"
2014,84,72,84,63,76,46,81,73,65,64,"55B070"
2015,76,52,81,45,79,50,59,50,55,53,"55B070"
2016,74,74,81,62,75,51,72,63,62,66,"55B070"
1995,64,92,63,48,66,1,38,26,22,10,"56A070"
1996,71,90,50,25,43,1,28,15,13,13,"56A070"
1997,61,78,88,19,75,1,2,10,12,13,"56A070"
1998,72,89,67,52,52,1,32,29,14,5,"56A070"
1999,48,93,83,20,79,1,8,14,8,17,"56A070"
2000,68,94,76,48,59,1,28,38,24,14,"56A070"
2001,84,91,65,56,33,1,35,42,27,22,"56A070"
2002,80,81,76,41,75,1,21,28,33,44,"56A070"
2003,52,52,87,53,81,1,38,34,15,1,"56A070"
2004,74,59,78,66,68,22,64,54,47,40,"56A070"
2005,78,56,85,59,73,1,58,45,44,31,"56A070"
2006,68,64,44,33,74,1,31,22,27,34,"56A070"
2007,75,74,71,41,69,1,41,28,29,48,"56A070"
2008,84,91,77,49,75,1,35,37,39,42,"56A070"
2009,83,94,74,37,76,1,12,21,28,37,"56A070"
2010,84,82,73,56,76,1,28,24,35,34,"56A070"
2011,71,86,78,35,80,1,12,24,21,38,"56A070"
2012,87,91,63,66,59,1,39,46,31,24,"56A070"
2013,72,95,60,43,52,1,23,28,21,15,"56A070"
2014,85,92,70,66,56,1,48,44,40,33,"56A070"
2015,86,90,64,65,48,1,47,44,40,25,"56A070"
2016,81,95,64,62,49,1,42,44,33,30,"56A070"
2009,97,89,84,80,96,86,97,83,92,NA,"57A123"
2010,67,81,86,90,88,88,100,92,82,NA,"57A123"
2008,93,80,93,77,89,94,100,77,91,NA,"57A140"
2009,87,83,91,78,88,92,98,83,89,NA,"57A140"
2010,98,80,92,84,86,90,98,93,93,NA,"57A140"
2009,88,79,95,74,79,99,92,83,85,NA,"57A146"
2010,91,79,91,83,80,99,96,91,88,NA,"57A146"
2008,95,81,95,78,78,100,100,78,NA,NA,"57A148"
1994,88,77,83,87,52,100,88,93,82,84,"57A150"
1995,90,79,91,83,72,100,87,83,82,82,"57A150"
1996,95,78,80,74,78,100,89,57,82,76,"57A150"
1997,97,79,83,79,58,100,57,65,80,74,"57A150"
1998,94,77,88,77,61,100,63,84,81,78,"57A150"
1999,95,83,83,82,72,100,78,78,88,83,"57A150"
2000,84,77,74,86,63,98,89,74,82,84,"57A150"
2001,89,79,88,72,65,100,82,87,72,76,"57A150"
2002,93,79,89,83,68,100,93,75,83,80,"57A150"
2003,87,68,81,82,58,99,87,79,71,86,"57A150"
2004,94,68,96,86,59,100,99,91,82,84,"57A150"
2005,91,71,93,84,66,100,100,89,82,84,"57A150"
2006,91,69,92,86,67,97,100,82,77,83,"57A150"
2007,97,71,87,87,66,100,99,86,77,85,"57A150"
2008,99,79,95,81,75,100,100,79,88,85,"57A150"
2009,96,78,96,76,71,100,95,84,85,83,"57A150"
2010,96,78,91,86,69,100,93,90,84,84,"57A150"
2011,98,84,82,83,84,100,92,74,91,84,"57A150"
2012,100,76,94,81,61,100,99,87,84,81,"57A150"
2013,100,87,93,89,57,100,100,96,79,78,"57A150"
2014,98,75,92,79,51,94,93,84,73,71,"57A150"
2015,95,77,74,90,47,99,70,97,73,82,"57A150"
2016,95,83,92,90,71,99,100,96,88,89,"57A150"
2008,100,81,90,84,77,100,100,80,90,NA,"57A240"
2009,100,80,89,82,70,100,99,84,89,NA,"57A240"
2010,98,82,82,84,69,100,100,88,90,NA,"57A240"
1995,65,76,88,35,83,78,44,34,48,47,"59A080"
2000,55,87,78,14,65,83,35,11,38,38,"59A080"
2011,78,88,75,30,64,91,42,30,51,51,"59A080"
2012,73,88,76,28,75,84,38,31,47,47,"59A080"
2013,74,89,76,33,63,89,45,33,44,44,"59A080"
2014,77,87,74,37,59,89,47,43,46,44,"59A080"
2015,78,60,73,48,60,91,58,54,55,58,"59A080"
2016,82,90,68,35,63,76,43,42,58,58,"59A080"
2000,48,75,81,23,75,81,41,9,NA,NA,"59A110"
2008,68,94,68,49,68,83,51,40,43,NA,"59A140"
2009,68,86,75,40,62,91,49,37,44,NA,"59A140"
2010,72,84,77,48,68,90,62,41,49,NA,"59A140"
2011,86,84,90,53,84,100,70,57,74,NA,"59B200"
2012,81,90,90,56,93,100,76,66,75,NA,"59B200"
2013,75,92,89,60,88,100,73,64,75,NA,"59B200"
2014,78,86,93,65,86,100,81,70,81,NA,"59B200"
2015,83,88,88,78,89,100,81,81,88,NA,"59B200"
2016,81,89,90,58,87,100,76,66,75,NA,"59B200"
2011,70,88,75,35,81,88,60,47,NA,NA,"59C070"
1994,89,71,80,49,57,99,88,58,66,66,"60A070"
1995,86,72,70,43,72,100,75,52,64,61,"60A070"
1996,81,74,74,37,79,98,54,39,62,72,"60A070"
1997,89,70,83,41,53,100,40,47,65,70,"60A070"
1998,81,73,83,46,28,100,52,51,55,56,"60A070"
1999,90,78,80,46,60,99,74,58,71,76,"60A070"
2000,85,75,74,51,59,100,88,60,70,71,"60A070"
2001,86,75,73,60,51,100,80,74,63,61,"60A070"
2002,95,72,76,52,58,100,82,65,65,66,"60A070"
2003,91,72,74,42,57,99,82,61,64,61,"60A070"
2004,84,69,80,49,43,100,98,65,65,63,"60A070"
2005,94,75,72,58,54,100,100,74,75,70,"60A070"
2006,91,73,70,33,57,99,82,47,63,63,"60A070"
2007,96,70,75,56,55,100,100,68,62,60,"60A070"
2008,88,73,79,43,61,99,77,58,66,64,"60A070"
2009,87,67,78,49,43,100,65,61,63,60,"60A070"
2010,94,76,81,75,57,100,92,80,68,66,"60A070"
2011,89,77,81,41,65,100,69,54,68,70,"60A070"
2012,82,81,75,42,65,99,73,53,62,61,"60A070"
2013,90,77,77,36,49,100,66,54,63,62,"60A070"
2014,81,71,81,35,54,99,71,57,63,59,"60A070"
2015,83,64,75,61,45,100,87,75,51,47,"60A070"
2016,87,77,77,45,66,99,67,62,70,67,"60A070"
1994,72,78,86,87,73,100,83,94,76,72,"61A070"
1995,78,80,83,77,71,100,99,83,79,79,"61A070"
1996,77,82,86,71,82,100,100,69,81,82,"61A070"
1997,90,86,91,55,67,100,59,58,78,84,"61A070"
1998,83,74,83,73,69,100,68,79,77,76,"61A070"
1999,89,79,86,74,76,100,88,74,82,83,"61A070"
2000,84,88,75,73,78,100,100,73,84,84,"61A070"
2001,84,78,81,85,71,100,99,90,78,74,"61A070"
2002,75,78,79,72,74,100,98,80,78,80,"61A070"
2003,88,76,81,77,65,100,94,85,78,77,"61A070"
2004,90,79,83,86,64,100,100,88,81,80,"61A070"
2005,97,79,85,82,72,100,100,88,86,84,"61A070"
2006,91,80,82,73,75,100,100,80,83,83,"61A070"
2007,90,76,77,72,70,100,100,80,74,76,"61A070"
2008,82,74,84,69,67,100,100,74,72,72,"61A070"
2009,89,70,80,76,64,100,98,86,74,71,"61A070"
2010,97,71,84,75,66,100,99,81,76,75,"61A070"
2011,85,70,84,51,67,100,88,56,64,66,"61A070"
2012,83,81,84,60,77,100,100,77,79,83,"61A070"
2013,82,80,86,77,67,100,100,87,82,82,"61A070"
2014,80,72,89,67,75,100,98,82,76,76,"61A070"
2015,86,78,83,83,69,100,100,95,80,79,"61A070"
2016,94,78,88,79,77,100,99,95,86,84,"61A070"
2000,81,78,74,27,78,100,56,42,64,NA,"61B070"
2012,73,78,74,26,82,100,58,38,54,NA,"61B070"
2012,74,79,81,25,87,100,52,47,NA,NA,"61C100"
1994,100,85,74,81,54,100,98,81,79,77,"62A090"
1995,95,85,74,70,76,100,93,67,82,81,"62A090"
1998,100,78,77,67,67,99,71,64,74,76,"62A090"
1999,97,85,80,60,79,100,82,60,77,79,"62A090"
2000,100,85,80,66,72,100,96,65,82,81,"62A090"
2001,99,84,73,77,74,100,96,82,80,76,"62A090"
2002,100,87,74,68,78,100,91,63,77,79,"62A090"
2003,100,82,75,75,58,100,90,73,77,74,"62A090"
2004,100,82,79,73,69,100,100,81,84,83,"62A090"
2005,100,86,73,76,66,100,100,75,81,80,"62A090"
2006,99,84,62,60,70,100,100,71,74,71,"62A090"
2007,100,79,71,74,62,100,100,73,71,68,"62A090"
2008,92,84,77,63,78,96,93,57,74,79,"62A090"
2009,98,81,75,64,59,100,73,71,76,77,"62A090"
2010,98,82,82,69,66,100,93,66,78,79,"62A090"
2011,100,87,81,63,68,100,89,57,77,82,"62A090"
2012,87,82,74,62,74,100,93,61,76,77,"62A090"
2013,92,84,79,74,66,100,98,74,79,77,"62A090"
2014,98,80,77,63,67,100,94,66,74,76,"62A090"
2015,96,77,76,81,54,100,100,85,77,79,"62A090"
2016,96,83,80,80,72,100,98,88,88,86,"62A090"
1994,95,87,80,76,54,100,93,82,83,80,"62A150"
1995,100,86,80,74,77,100,93,70,84,83,"62A150"
1996,100,85,74,65,66,100,100,60,75,77,"62A150"
1997,99,85,77,60,65,100,51,52,76,80,"62A150"
1998,100,79,80,73,79,100,50,75,84,84,"62A150"
1999,100,84,86,76,81,100,84,73,88,89,"62A150"
2000,100,86,79,72,77,100,98,72,85,85,"62A150"
2001,100,84,78,77,75,100,96,74,83,81,"62A150"
2002,100,85,84,71,79,100,95,62,83,86,"62A150"
2003,99,84,82,78,57,100,91,71,81,80,"62A150"
2004,100,84,81,76,65,100,100,82,86,85,"62A150"
2005,100,85,81,74,68,100,100,74,84,84,"62A150"
2006,100,80,74,62,68,100,100,75,77,75,"62A150"
2007,98,79,76,77,62,100,100,72,78,75,"62A150"
2008,100,85,79,67,79,95,94,61,79,80,"62A150"
2009,100,83,79,52,66,100,94,70,72,73,"62A150"
2010,100,86,77,69,69,100,99,64,79,79,"62A150"
2011,96,88,82,63,74,96,95,59,80,85,"62A150"
2012,98,85,73,61,67,100,95,73,77,74,"62A150"
2013,100,88,74,75,59,100,100,82,77,74,"62A150"
2014,100,84,77,72,62,100,95,73,79,78,"62A150"
2015,98,82,73,78,62,100,100,84,75,79,"62A150"
2016,100,87,75,78,72,100,98,82,84,86,"62A150"
2011,79,83,82,55,77,100,68,52,NA,NA,"62B070"
