bwt_month,bwt_day,bwt_hour,cv_time_avg,xcv_time_avg,pv_time_avg,xpv_time_avg,pv_ready_lanes_time_avg,ped_time_avg,ped_ready_lanes_time_avg
1,0,0,0,0,33,5,19,5,3
1,0,1,0,0,23,5,15,5,3
1,0,2,0,0,18,5,13,5,3
1,0,3,0,0,20,5,14,5,3
1,0,4,0,0,23,5,18,6,3
1,0,5,0,0,28,9,24,11,4
1,0,6,0,0,40,10,34,21,8
1,0,7,0,0,31,8,26,16,16
1,0,8,0,0,31,8,25,13,13
1,0,9,0,0,26,8,23,13,13
1,0,10,0,0,31,11,26,16,16
1,0,11,0,0,36,11,28,16,16
1,0,12,0,0,39,10,30,15,15
1,0,13,0,0,46,10,38,16,16
1,0,14,0,0,50,10,39,20,20
1,0,15,0,0,50,11,35,13,0
1,0,16,0,0,41,10,30,9,0
1,0,17,0,0,38,11,31,5,0
1,0,18,0,0,35,9,29,5,0
1,0,19,0,0,31,9,26,6,0
1,0,20,0,0,31,9,23,9,0
1,0,21,0,0,26,6,18,6,0
1,0,22,0,0,23,6,16,5,0
1,0,23,0,0,20,5,10,5,0
1,1,0,0,0,13,5,6,5,0
1,1,1,0,0,10,5,5,5,0
1,1,2,0,0,13,5,8,5,0
1,1,3,0,0,13,5,8,5,0
1,1,4,0,0,14,5,9,6,0
1,1,5,0,0,18,5,13,8,0
1,1,6,0,0,21,6,15,9,0
1,1,7,0,0,29,8,20,11,11
1,1,8,0,0,23,8,15,14,14
1,1,9,0,0,21,8,15,19,19
1,1,10,0,0,25,9,20,21,21
1,1,11,0,0,29,10,21,21,21
1,1,12,0,0,31,11,24,23,23
1,1,13,0,0,33,10,25,23,23
1,1,14,0,0,31,10,24,24,24
1,1,15,0,0,29,10,23,15,4
1,1,16,0,0,26,9,18,13,4
1,1,17,0,0,29,9,20,9,4
1,1,18,0,0,25,10,16,6,4
1,1,19,0,0,28,14,15,6,3
1,1,20,0,0,29,6,20,5,4
1,1,21,0,0,18,6,13,5,1
1,1,22,0,0,11,5,8,5,1
1,1,23,0,0,10,5,6,5,1
1,2,0,0,0,9,5,5,5,1
1,2,1,0,0,9,5,6,5,1
1,2,2,0,0,15,7,11,5,1
1,2,3,0,0,18,6,12,5,1
1,2,4,0,0,19,5,13,6,1
1,2,5,0,0,22,7,16,6,2
1,2,6,0,0,26,8,19,8,4
1,2,7,0,0,35,9,27,12,5
1,2,8,0,0,34,10,28,12,6
1,2,9,0,0,33,9,29,13,6
1,2,10,0,0,32,9,26,21,10
1,2,11,0,0,30,9,25,19,8
1,2,12,0,0,32,9,26,16,6
1,2,13,0,0,39,11,32,15,6
1,2,14,0,0,37,10,33,15,8
1,2,15,0,0,32,9,23,7,2
1,2,16,0,0,28,8,19,5,2
1,2,17,0,0,24,8,18,7,2
1,2,18,0,0,22,8,16,5,2
1,2,19,0,0,20,9,16,5,2
1,2,20,0,0,20,9,14,5,2
1,2,21,0,0,18,7,12,5,2
1,2,22,0,0,15,6,10,5,1
1,2,23,0,0,16,6,10,5,1
1,3,0,0,0,10,5,5,5,1
1,3,1,0,0,10,5,5,5,1
1,3,2,0,0,12,5,7,5,1
1,3,3,0,0,14,5,9,5,1
1,3,4,0,0,18,6,12,6,1
1,3,5,0,0,21,8,13,6,1
1,3,6,0,0,23,6,18,6,0
1,3,7,0,0,36,13,29,16,0
1,3,8,0,0,39,11,32,19,0
1,3,9,0,0,42,12,34,22,0
1,3,10,0,0,43,12,34,29,0
1,3,11,0,0,46,12,40,34,0
1,3,12,0,0,50,13,42,38,0
1,3,13,0,0,53,13,45,41,0
1,3,14,0,0,52,12,44,35,1
1,3,15,0,0,44,8,35,25,5
1,3,16,0,0,29,6,23,15,3
1,3,17,0,0,30,10,22,14,2
1,3,18,0,0,31,7,22,11,2
1,3,19,0,0,29,7,21,5,3
1,3,20,0,0,30,6,20,5,2
1,3,21,0,0,22,5,15,5,2
1,3,22,0,0,15,5,11,5,2
1,3,23,0,0,16,5,13,5,0
1,4,0,0,0,16,5,10,5,0
1,4,1,0,0,14,5,8,5,0
1,4,2,0,0,20,5,14,5,0
1,4,3,0,0,29,5,19,5,0
1,4,4,0,0,33,5,24,5,0
1,4,5,0,0,37,6,26,5,0
1,4,6,0,0,41,9,30,7,0
1,4,7,0,0,47,13,35,11,0
1,4,8,0,0,38,12,33,16,0
1,4,9,0,0,40,14,33,16,0
1,4,10,0,0,39,10,34,19,0
1,4,11,0,0,40,13,34,25,0
1,4,12,0,0,44,14,37,27,0
1,4,13,0,0,46,14,39,25,0
1,4,14,0,0,49,15,43,25,0
1,4,15,0,0,45,10,38,24,4
1,4,16,0,0,33,6,25,16,4
1,4,17,0,0,25,9,21,18,4
1,4,18,0,0,25,9,19,13,4
1,4,19,0,0,28,11,21,7,4
1,4,20,0,0,25,7,20,7,4
1,4,21,0,0,14,7,10,7,4
1,4,22,0,0,17,7,14,6,4
1,4,23,0,0,26,7,18,5,2
1,5,0,0,0,21,5,13,5,1
1,5,1,0,0,13,5,8,5,1
1,5,2,0,0,13,5,9,5,1
1,5,3,0,0,15,5,10,5,1
1,5,4,0,0,30,5,20,5,1
1,5,5,0,0,39,5,28,5,3
1,5,6,0,0,43,5,31,8,4
1,5,7,0,0,28,6,24,9,6
1,5,8,0,0,19,6,15,9,6
1,5,9,0,0,24,6,19,13,9
1,5,10,0,0,26,6,21,15,9
1,5,11,0,0,31,9,24,18,9
1,5,12,0,0,40,9,31,21,13
1,5,13,0,0,49,13,38,25,15
1,5,14,0,0,56,14,43,26,16
1,5,15,0,0,60,11,45,21,5
1,5,16,0,0,68,13,48,25,5
1,5,17,0,0,73,11,50,29,5
1,5,18,0,0,76,11,54,29,5
1,5,19,0,0,76,11,49,21,5
1,5,20,0,0,68,10,50,8,4
1,5,21,0,0,70,8,43,5,4
1,5,22,0,0,64,6,38,5,3
1,5,23,0,0,61,6,39,5,5
1,6,0,0,0,48,5,29,5,5
1,6,1,0,0,40,5,25,5,5
1,6,2,0,0,25,5,16,5,5
1,6,3,0,0,11,5,10,5,5
1,6,4,0,0,10,5,10,5,5
1,6,5,0,0,13,5,10,6,6
1,6,6,0,0,15,5,11,6,6
1,6,7,0,0,13,5,9,6,6
1,6,8,0,0,16,5,13,6,6
1,6,9,0,0,20,6,15,8,8
1,6,10,0,0,28,9,20,11,11
1,6,11,0,0,31,11,24,13,13
1,6,12,0,0,41,11,33,20,20
1,6,13,0,0,56,13,45,29,29
1,6,14,0,0,64,14,49,38,38
1,6,15,0,0,58,13,58,40,11
1,6,16,0,0,58,13,56,38,11
1,6,17,0,0,70,11,51,38,5
1,6,18,0,0,66,11,48,35,5
1,6,19,0,0,66,13,43,29,4
1,6,20,0,0,59,11,38,16,1
1,6,21,0,0,53,10,33,10,0
1,6,22,0,0,45,8,26,6,0
1,6,23,0,0,39,5,20,5,3
2,0,0,0,0,28,6,15,5,1
2,0,1,0,0,25,5,14,5,1
2,0,2,0,0,24,5,10,5,1
2,0,3,0,0,21,5,14,5,1
2,0,4,0,0,26,5,23,8,1
2,0,5,0,0,36,8,29,8,3
2,0,6,0,0,44,9,35,11,5
2,0,7,0,0,50,14,39,15,8
2,0,8,0,0,46,13,39,21,10
2,0,9,0,0,46,13,40,25,10
2,0,10,0,0,48,13,40,25,10
2,0,11,0,0,50,13,41,26,8
2,0,12,0,0,60,14,49,28,8
2,0,13,0,0,65,14,56,31,8
2,0,14,0,0,78,14,64,31,8
2,0,15,0,0,70,11,55,23,4
2,0,16,0,0,60,10,46,18,3
2,0,17,0,0,43,10,28,13,3
2,0,18,0,0,41,8,31,13,3
2,0,19,0,0,8,5,7,5,2
2,0,20,0,0,36,6,26,11,3
2,0,21,0,0,34,6,25,11,3
2,0,22,0,0,30,6,21,10,3
2,0,23,0,0,30,5,23,5,1
2,1,0,0,0,26,5,20,5,1
2,1,1,0,0,14,5,8,5,1
2,1,2,0,0,18,5,11,5,1
2,1,3,0,0,23,5,16,5,1
2,1,4,0,0,29,6,21,5,1
2,1,5,0,0,38,10,30,6,1
2,1,6,0,0,46,9,35,8,1
2,1,7,0,0,48,14,36,19,4
2,1,8,0,0,49,14,43,23,4
2,1,9,0,0,51,13,45,24,5
2,1,10,0,0,45,13,40,25,4
2,1,11,0,0,46,14,39,31,5
2,1,12,0,0,51,14,45,28,3
2,1,13,0,0,54,15,46,26,1
2,1,14,0,0,58,15,50,24,1
2,1,15,0,0,50,9,40,16,5
2,1,16,0,0,39,10,21,10,4
2,1,17,0,0,24,5,15,8,1
2,1,18,0,0,18,11,8,5,1
2,1,19,0,0,15,8,10,5,1
2,1,20,0,0,15,6,14,5,1
2,1,21,0,0,11,6,9,5,1
2,1,22,0,0,10,5,8,5,1
2,1,23,0,0,15,5,10,5,1
2,2,0,0,0,11,5,8,5,1
2,2,1,0,0,13,5,9,5,1
2,2,2,0,0,24,5,14,5,1
2,2,3,0,0,29,5,19,5,1
2,2,4,0,0,35,6,26,5,1
2,2,5,0,0,46,9,34,9,3
2,2,6,0,0,51,10,38,13,5
2,2,7,0,0,51,15,39,15,5
2,2,8,0,0,51,14,41,15,4
2,2,9,0,0,54,14,44,15,3
2,2,10,0,0,51,13,41,16,3
2,2,11,0,0,46,11,36,14,3
2,2,12,0,0,50,11,40,16,3
2,2,13,0,0,48,11,36,14,3
2,2,14,0,0,51,16,35,13,3
2,2,15,0,0,34,13,26,8,3
2,2,16,0,0,25,13,16,5,1
2,2,17,0,0,21,9,13,5,1
2,2,18,0,0,19,8,13,5,1
2,2,19,0,0,16,6,14,5,1
2,2,20,0,0,16,6,11,5,1
2,2,21,0,0,11,6,8,5,1
2,2,22,0,0,11,5,6,5,0
2,2,23,0,0,10,5,6,5,0
2,3,0,0,0,13,5,9,5,0
2,3,1,0,0,13,5,8,5,0
2,3,2,0,0,15,5,10,5,0
2,3,3,0,0,24,5,18,5,0
2,3,4,0,0,38,6,28,5,0
2,3,5,0,0,46,8,34,6,0
2,3,6,0,0,50,9,36,11,0
2,3,7,0,0,55,11,43,15,6
2,3,8,0,0,53,13,43,20,9
2,3,9,0,0,50,10,41,20,6
2,3,10,0,0,44,14,36,20,10
2,3,11,0,0,44,11,35,20,5
2,3,12,0,0,41,13,34,19,5
2,3,13,0,0,40,11,33,15,3
2,3,14,0,0,43,11,35,13,3
2,3,15,0,0,28,5,25,10,0
2,3,16,0,0,22,5,15,5,0
2,3,17,0,0,17,5,10,5,0
2,3,18,0,0,14,5,6,5,0
2,3,19,0,0,16,5,9,5,0
2,3,20,0,0,13,5,6,5,0
2,3,21,0,0,10,5,5,5,0
2,3,22,0,0,9,5,5,5,0
2,3,23,0,0,13,5,8,5,0
2,4,0,0,0,14,5,9,5,0
2,4,1,0,0,11,8,9,5,0
2,4,2,0,0,20,5,13,4,0
2,4,3,0,0,30,5,19,5,0
2,4,4,0,0,40,13,20,5,0
2,4,5,0,0,51,9,39,8,0
2,4,6,0,0,56,11,41,11,0
2,4,7,0,0,59,13,44,13,9
2,4,8,0,0,51,13,43,13,9
2,4,9,0,0,46,10,38,10,6
2,4,10,0,0,39,10,29,11,8
2,4,11,0,0,33,8,25,11,8
2,4,12,0,0,31,8,23,10,6
2,4,13,0,0,30,11,20,10,6
2,4,14,0,0,35,10,24,11,6
2,4,15,0,0,19,6,16,10,5
2,4,16,0,0,15,6,10,8,5
2,4,17,0,0,14,6,13,8,5
2,4,18,0,0,14,5,11,8,5
2,4,19,0,0,15,6,11,5,5
2,4,20,0,0,13,5,10,5,5
2,4,21,0,0,9,5,9,5,5
2,4,22,0,0,10,5,10,5,5
2,4,23,0,0,31,10,21,5,3
2,5,0,0,0,11,5,8,5,3
2,5,1,0,0,11,5,8,5,3
2,5,2,0,0,12,5,8,5,2
2,5,3,0,0,11,5,7,5,3
2,5,4,0,0,25,5,16,5,2
2,5,5,0,0,27,5,21,5,4
2,5,6,0,0,35,5,26,5,4
2,5,7,0,0,35,5,23,5,4
2,5,8,0,0,35,7,24,8,5
2,5,9,0,0,31,8,23,10,6
2,5,10,0,0,32,7,23,10,4
2,5,11,0,0,33,10,24,8,4
2,5,12,0,0,38,12,27,9,4
2,5,13,0,0,44,15,32,9,4
2,5,14,0,0,48,15,37,9,4
2,5,15,0,0,53,11,45,9,4
2,5,16,0,0,56,21,47,9,3
2,5,17,0,0,65,9,44,8,3
2,5,18,0,0,67,11,37,7,3
2,5,19,0,0,68,11,46,7,3
2,5,20,0,0,65,11,43,10,3
2,5,21,0,0,59,10,41,9,3
2,5,22,0,0,55,10,36,5,4
2,5,23,0,0,55,9,29,5,4
2,6,0,0,0,30,10,24,5,4
2,6,1,0,0,28,8,20,5,4
2,6,2,0,0,34,8,16,5,4
2,6,3,0,0,28,11,16,5,5
2,6,4,0,0,11,5,9,5,5
2,6,5,0,0,13,5,9,5,5
2,6,6,0,0,15,5,10,5,5
2,6,7,0,0,18,5,11,5,5
2,6,8,0,0,21,5,15,5,5
2,6,9,0,0,23,8,16,8,8
2,6,10,0,0,26,8,20,11,11
2,6,11,0,0,35,11,25,16,13
2,6,12,0,0,43,11,31,21,21
2,6,13,0,0,54,14,40,23,23
2,6,14,0,0,64,15,49,25,25
2,6,15,0,0,69,13,42,29,3
2,6,16,0,0,65,10,45,16,3
2,6,17,0,0,59,11,38,14,3
2,6,18,0,0,54,20,28,13,3
2,6,19,0,0,46,11,35,13,3
2,6,20,0,0,41,9,31,11,1
2,6,21,0,0,38,8,25,8,0
2,6,22,0,0,38,6,23,5,0
2,6,23,0,0,35,5,25,5,1
3,0,0,0,0,37,5,21,5,5
3,0,1,0,0,34,5,18,5,5
3,0,2,0,0,32,5,19,5,5
3,0,3,0,0,34,5,22,5,5
3,0,4,0,0,38,6,25,6,6
3,0,5,0,0,44,8,32,7,7
3,0,6,0,0,51,13,38,11,10
3,0,7,0,0,61,12,44,13,5
3,0,8,0,0,56,14,40,16,6
3,0,9,0,0,48,11,37,17,7
3,0,10,0,0,48,9,35,17,7
3,0,11,0,0,51,11,36,16,5
3,0,12,0,0,56,11,40,17,6
3,0,13,0,0,62,11,46,13,5
3,0,14,0,0,65,13,45,10,6
3,0,15,0,0,67,8,46,10,3
3,0,16,0,0,68,11,46,9,2
3,0,17,0,0,52,10,39,5,1
3,0,18,0,0,44,10,27,5,1
3,0,19,0,0,32,9,22,5,1
3,0,20,0,0,33,7,23,5,1
3,0,21,0,0,27,6,17,5,1
3,0,22,0,0,17,5,14,5,1
3,0,23,0,0,13,6,10,5,5
3,1,0,0,0,9,5,5,5,5
3,1,1,0,0,8,5,5,5,5
3,1,2,0,0,9,5,6,5,5
3,1,3,0,0,22,6,17,5,5
3,1,4,0,0,30,7,21,9,9
3,1,5,0,0,40,10,29,13,13
3,1,6,0,0,49,13,39,16,15
3,1,7,0,0,54,14,41,21,1
3,1,8,0,0,51,10,39,15,1
3,1,9,0,0,54,10,42,19,1
3,1,10,0,0,49,10,36,26,1
3,1,11,0,0,52,11,38,22,1
3,1,12,0,0,55,11,39,22,1
3,1,13,0,0,59,11,44,22,1
3,1,14,0,0,59,11,46,16,1
3,1,15,0,0,52,11,42,12,1
3,1,16,0,0,45,8,33,8,0
3,1,17,0,0,37,9,28,5,0
3,1,18,0,0,31,10,26,5,0
3,1,19,0,0,29,9,22,6,0
3,1,20,0,0,29,8,20,5,0
3,1,21,0,0,31,7,16,5,0
3,1,22,0,0,14,5,7,5,0
3,1,23,0,0,12,4,8,5,4
3,2,0,0,0,10,5,6,5,4
3,2,1,0,0,11,5,8,5,4
3,2,2,0,0,15,5,11,5,4
3,2,3,0,0,20,5,16,5,4
3,2,4,0,0,28,6,20,6,5
3,2,5,0,0,38,14,29,10,6
3,2,6,0,0,45,13,33,21,15
3,2,7,0,0,41,15,33,18,6
3,2,8,0,0,41,13,34,14,8
3,2,9,0,0,40,10,35,14,8
3,2,10,0,0,35,10,34,13,6
3,2,11,0,0,40,13,36,15,8
3,2,12,0,0,45,9,39,14,5
3,2,13,0,0,50,9,43,10,4
3,2,14,0,0,53,9,45,6,1
3,2,15,0,0,44,9,31,6,1
3,2,16,0,0,36,8,25,5,1
3,2,17,0,0,29,6,23,5,1
3,2,18,0,0,28,6,21,6,1
3,2,19,0,0,26,6,19,8,1
3,2,20,0,0,25,8,19,8,1
3,2,21,0,0,21,6,15,5,1
3,2,22,0,0,23,5,12,5,0
3,2,23,0,0,21,5,19,5,3
3,3,0,0,0,15,21,10,5,2
3,3,1,0,0,9,4,6,5,3
3,3,2,0,0,10,5,8,5,3
3,3,3,0,0,15,5,14,5,3
3,3,4,0,0,30,6,24,8,4
3,3,5,0,0,40,9,31,13,8
3,3,6,0,0,49,14,40,13,5
3,3,7,0,0,43,11,36,10,3
3,3,8,0,0,44,10,39,11,3
3,3,9,0,0,38,9,34,13,3
3,3,10,0,0,39,11,33,11,3
3,3,11,0,0,43,10,34,13,3
3,3,12,0,0,51,15,40,13,3
3,3,13,0,0,56,15,49,14,3
3,3,14,0,0,58,30,33,11,3
3,3,15,0,0,53,10,45,9,3
3,3,16,0,0,46,9,38,6,3
3,3,17,0,0,36,8,28,9,3
3,3,18,0,0,24,6,18,9,4
3,3,19,0,0,19,6,16,8,3
3,3,20,0,0,19,10,18,5,3
3,3,21,0,0,18,8,15,5,3
3,3,22,0,0,14,6,13,5,3
3,3,23,0,0,13,5,9,5,3
3,4,0,0,0,13,5,8,5,3
3,4,1,0,0,10,5,6,5,3
3,4,2,0,0,18,5,14,5,3
3,4,3,0,0,23,5,18,5,3
3,4,4,0,0,31,6,25,8,4
3,4,5,0,0,36,6,28,4,3
3,4,6,0,0,41,9,31,9,3
3,4,7,0,0,45,10,33,13,0
3,4,8,0,0,43,10,35,14,0
3,4,9,0,0,40,10,35,14,0
3,4,10,0,0,35,10,29,13,0
3,4,11,0,0,39,13,29,19,0
3,4,12,0,0,45,13,30,23,0
3,4,13,0,0,51,13,39,24,0
3,4,14,0,0,58,13,43,24,0
3,4,15,0,0,48,8,36,19,5
3,4,16,0,0,38,8,28,19,5
3,4,17,0,0,34,6,24,19,5
3,4,18,0,0,33,9,24,19,5
3,4,19,0,0,33,9,24,19,5
3,4,20,0,0,29,8,19,15,5
3,4,21,0,0,19,6,16,8,5
3,4,22,0,0,18,6,16,5,5
3,4,23,0,0,21,8,18,5,3
3,5,0,0,0,23,5,18,5,3
3,5,1,0,0,10,5,8,5,3
3,5,2,0,0,10,5,8,8,3
3,5,3,0,0,9,5,8,5,3
3,5,4,0,0,13,5,11,5,3
3,5,5,0,0,21,5,18,5,3
3,5,6,0,0,25,4,18,5,3
3,5,7,0,0,24,8,19,6,0
3,5,8,0,0,26,10,21,8,0
3,5,9,0,0,28,11,23,9,0
3,5,10,0,0,25,10,20,9,0
3,5,11,0,0,36,13,30,14,0
3,5,12,0,0,39,13,31,14,0
3,5,13,0,0,41,13,34,14,0
3,5,14,0,0,46,14,39,15,0
3,5,15,0,0,38,11,35,16,4
3,5,16,0,0,38,10,31,15,4
3,5,17,0,0,39,9,34,13,4
3,5,18,0,0,39,10,34,9,4
3,5,19,0,0,41,9,35,11,4
3,5,20,0,0,36,9,34,11,4
3,5,21,0,0,36,9,29,11,4
3,5,22,0,0,36,9,30,9,4
3,5,23,0,0,40,13,31,5,5
3,6,0,0,0,44,11,30,5,5
3,6,1,0,0,42,10,31,5,5
3,6,2,0,0,41,8,27,5,5
3,6,3,0,0,31,6,21,5,5
3,6,4,0,0,19,7,18,5,5
3,6,5,0,0,26,5,20,5,5
3,6,6,0,0,27,6,24,5,5
3,6,7,0,0,26,7,23,7,7
3,6,8,0,0,30,7,24,7,7
3,6,9,0,0,20,8,19,6,6
3,6,10,0,0,29,8,23,7,7
3,6,11,0,0,31,10,27,11,9
3,6,12,0,0,39,9,30,17,9
3,6,13,0,0,45,9,34,18,10
3,6,14,0,0,50,12,38,19,11
3,6,15,0,0,56,10,38,20,4
3,6,16,0,0,66,10,50,24,4
3,6,17,0,0,68,10,48,26,4
3,6,18,0,0,63,10,47,24,4
3,6,19,0,0,59,11,42,18,3
3,6,20,0,0,55,9,29,10,2
3,6,21,0,0,52,8,37,12,2
3,6,22,0,0,51,7,33,5,1
3,6,23,0,0,48,5,30,5,5
4,0,0,0,0,15,5,9,5,5
4,0,1,0,0,18,5,11,5,5
4,0,2,0,0,20,5,14,5,5
4,0,3,0,0,30,5,20,5,5
4,0,4,0,0,44,6,29,11,11
4,0,5,0,0,54,10,38,18,18
4,0,6,0,0,58,11,40,21,21
4,0,7,0,0,63,9,44,19,16
4,0,8,0,0,59,10,41,21,18
4,0,9,0,0,53,10,40,20,18
4,0,10,0,0,50,10,35,13,10
4,0,11,0,0,46,10,30,10,9
4,0,12,0,0,48,10,33,14,11
4,0,13,0,0,51,11,35,14,11
4,0,14,0,0,61,10,39,15,14
4,0,15,0,0,58,8,33,13,3
4,0,16,0,0,50,6,29,11,3
4,0,17,0,0,36,6,21,8,1
4,0,18,0,0,31,6,18,5,1
4,0,19,0,0,30,5,19,5,1
4,0,20,0,0,29,5,16,5,1
4,0,21,0,0,10,5,8,5,1
4,0,22,0,0,10,5,6,5,1
4,0,23,0,0,14,8,14,5,5
4,1,0,0,0,9,5,6,5,5
4,1,1,0,0,9,5,6,5,5
4,1,2,0,0,13,5,11,5,5
4,1,3,0,0,20,5,19,5,5
4,1,4,0,0,38,9,31,18,18
4,1,5,0,0,63,13,46,29,29
4,1,6,0,0,68,14,55,35,35
4,1,7,0,0,70,14,56,30,24
4,1,8,0,0,60,10,48,19,16
4,1,9,0,0,54,10,45,14,13
4,1,10,0,0,46,10,34,6,5
4,1,11,0,0,41,9,25,6,5
4,1,12,0,0,49,10,28,9,8
4,1,13,0,0,56,10,30,14,13
4,1,14,0,0,65,11,36,15,14
4,1,15,0,0,69,13,46,6,3
4,1,16,0,0,65,13,44,5,3
4,1,17,0,0,58,9,38,5,3
4,1,18,0,0,55,8,35,6,3
4,1,19,0,0,49,8,29,6,3
4,1,20,0,0,38,6,25,5,3
4,1,21,0,0,25,5,20,5,3
4,1,22,0,0,23,6,19,5,3
4,1,23,0,0,25,5,19,5,5
4,2,0,0,0,16,5,11,5,5
4,2,1,0,0,9,5,6,5,5
4,2,2,0,0,14,5,11,5,5
4,2,3,0,0,23,5,19,6,6
4,2,4,0,0,37,8,28,18,18
4,2,5,0,0,52,8,39,29,29
4,2,6,0,0,60,12,47,20,20
4,2,7,0,0,64,10,48,19,3
4,2,8,0,0,69,11,48,18,2
4,2,9,0,0,65,12,48,20,2
4,2,10,0,0,58,9,42,18,2
4,2,11,0,0,59,9,41,14,2
4,2,12,0,0,58,11,39,16,4
4,2,13,0,0,65,12,41,15,5
4,2,14,0,0,67,14,43,17,7
4,2,15,0,0,62,9,37,7,5
4,2,16,0,0,54,7,32,7,5
4,2,17,0,0,44,6,27,5,3
4,2,18,0,0,36,8,23,5,3
4,2,19,0,0,32,7,22,5,3
4,2,20,0,0,31,6,19,5,3
4,2,21,0,0,28,5,18,5,3
4,2,22,0,0,24,5,14,5,3
4,2,23,0,0,21,5,14,5,5
4,3,0,0,0,18,5,11,5,5
4,3,1,0,0,13,5,9,5,5
4,3,2,0,0,18,5,13,5,5
4,3,3,0,0,31,7,24,8,8
4,3,4,0,0,43,8,36,16,16
4,3,5,0,0,56,11,44,25,25
4,3,6,0,0,61,12,57,36,36
4,3,7,0,0,66,11,52,20,1
4,3,8,0,0,60,10,44,18,1
4,3,9,0,0,50,10,39,13,1
4,3,10,0,0,48,10,36,14,1
4,3,11,0,0,50,11,33,14,1
4,3,12,0,0,49,11,33,14,1
4,3,13,0,0,50,12,40,14,1
4,3,14,0,0,55,14,41,14,1
4,3,15,0,0,67,10,43,8,3
4,3,16,0,0,66,9,41,5,2
4,3,17,0,0,62,8,40,5,2
4,3,18,0,0,60,7,40,5,2
4,3,19,0,0,56,6,37,5,2
4,3,20,0,0,55,6,35,5,2
4,3,21,0,0,51,6,26,5,2
4,3,22,0,0,48,6,22,5,2
4,3,23,0,0,44,4,27,4,4
4,4,0,0,0,9,5,6,5,5
4,4,1,0,0,10,5,6,5,5
4,4,2,0,0,10,5,8,5,5
4,4,3,0,0,14,5,10,5,5
4,4,4,0,0,28,5,20,11,11
4,4,5,0,0,38,9,29,20,20
4,4,6,0,0,44,8,30,16,16
4,4,7,0,0,45,11,30,14,0
4,4,8,0,0,41,13,26,10,0
4,4,9,0,0,39,13,26,14,0
4,4,10,0,0,36,11,26,13,0
4,4,11,0,0,43,10,30,15,0
4,4,12,0,0,48,10,34,15,0
4,4,13,0,0,54,11,38,14,0
4,4,14,0,0,55,11,39,14,0
4,4,15,0,0,48,9,31,5,3
4,4,16,0,0,39,9,29,5,3
4,4,17,0,0,33,8,21,5,3
4,4,18,0,0,25,6,16,5,3
4,4,19,0,0,18,5,13,5,3
4,4,20,0,0,16,5,13,5,3
4,4,21,0,0,11,5,9,5,3
4,4,22,0,0,9,5,8,5,3
4,4,23,0,0,9,5,8,5,5
4,5,0,0,0,5,5,5,5,5
4,5,1,0,0,4,4,4,4,4
4,5,2,0,0,5,5,5,5,5
4,5,3,0,0,5,5,5,5,5
4,5,4,0,0,6,5,6,5,5
4,5,5,0,0,10,5,10,5,5
4,5,6,0,0,9,5,9,5,5
4,5,7,0,0,6,5,6,5,4
4,5,8,0,0,8,5,8,5,4
4,5,9,0,0,10,5,8,5,4
4,5,10,0,0,14,6,11,5,4
4,5,11,0,0,16,6,13,8,4
4,5,12,0,0,24,6,19,8,4
4,5,13,0,0,34,6,25,8,4
4,5,14,0,0,40,11,30,8,4
4,5,15,0,0,45,13,35,5,4
4,5,16,0,0,45,13,34,5,4
4,5,17,0,0,39,9,28,5,4
4,5,18,0,0,26,8,16,5,4
4,5,19,0,0,25,6,16,5,4
4,5,20,0,0,33,9,24,5,4
4,5,21,0,0,28,6,23,5,4
4,5,22,0,0,14,6,11,5,4
4,5,23,0,0,15,9,13,6,6
4,6,0,0,0,10,5,9,5,5
4,6,1,0,0,6,5,5,5,5
4,6,2,0,0,5,5,5,5,5
4,6,3,0,0,5,5,5,5,5
4,6,4,0,0,6,5,5,5,5
4,6,5,0,0,9,5,5,5,5
4,6,6,0,0,10,5,6,5,5
4,6,7,0,0,11,6,9,5,5
4,6,8,0,0,14,9,8,5,5
4,6,9,0,0,14,6,8,5,5
4,6,10,0,0,15,6,10,5,5
4,6,11,0,0,19,6,13,5,5
4,6,12,0,0,23,6,14,5,5
4,6,13,0,0,24,6,14,5,5
4,6,14,0,0,28,6,19,5,5
4,6,15,0,0,30,9,21,5,0
4,6,16,0,0,30,10,19,5,0
4,6,17,0,0,28,9,16,5,0
4,6,18,0,0,25,9,15,5,0
4,6,19,0,0,26,8,20,5,0
4,6,20,0,0,25,6,19,5,0
4,6,21,0,0,25,6,20,5,1
4,6,22,0,0,28,8,20,5,1
4,6,23,0,0,21,5,14,5,5
5,0,0,0,0,113,11,68,5,4
5,0,1,0,0,124,8,84,5,4
5,0,2,0,0,139,5,96,5,4
5,0,3,0,0,149,5,109,11,10
5,0,4,0,0,144,5,106,24,23
5,0,5,0,0,123,13,84,28,26
5,0,6,0,0,111,13,95,29,29
5,0,7,0,0,100,8,78,25,25
5,0,8,0,0,111,10,85,19,19
5,0,9,0,0,96,9,70,20,20
5,0,10,0,0,74,9,56,20,20
5,0,11,0,0,55,10,36,24,24
5,0,12,0,0,60,11,35,28,28
5,0,13,0,0,79,11,45,28,28
5,0,14,0,0,96,14,60,36,36
5,0,15,0,0,111,13,68,23,5
5,0,16,0,0,125,16,84,16,5
5,0,17,0,0,126,15,85,6,4
5,0,18,0,0,128,16,84,13,4
5,0,19,0,0,136,16,89,14,4
5,0,20,0,0,138,14,89,13,4
5,0,21,0,0,151,14,94,10,4
5,0,22,0,0,158,13,91,5,4
5,0,23,0,0,184,8,111,5,5
5,1,0,0,0,196,6,118,5,5
5,1,1,0,0,198,5,120,5,5
5,1,2,0,0,208,5,120,10,10
5,1,3,0,0,221,5,126,34,28
5,1,4,0,0,228,14,138,45,45
5,1,5,0,0,180,20,133,46,46
5,1,6,0,0,173,30,120,33,33
5,1,7,0,0,180,15,120,40,3
5,1,8,0,0,179,13,119,31,3
5,1,9,0,0,165,15,101,29,3
5,1,10,0,0,166,15,105,28,3
5,1,11,0,0,136,15,101,30,3
5,1,12,0,0,164,14,104,30,3
5,1,13,0,0,163,14,99,30,3
5,1,14,0,0,145,15,91,29,0
5,1,15,0,0,158,15,103,25,1
5,1,16,0,0,160,16,106,13,1
5,1,17,0,0,153,14,94,20,1
5,1,18,0,0,141,11,80,13,1
5,1,19,0,0,128,11,65,5,1
5,1,20,0,0,113,10,58,6,1
5,1,21,0,0,94,8,49,4,1
5,1,22,0,0,88,9,48,5,1
5,1,23,0,0,90,10,51,5,5
5,2,0,0,0,86,5,55,5,5
5,2,1,0,0,91,5,60,5,5
5,2,2,0,0,100,5,65,15,15
5,2,3,0,0,101,5,70,28,28
5,2,4,0,0,105,13,74,34,34
5,2,5,0,0,93,15,66,30,30
5,2,6,0,0,86,13,66,30,30
5,2,7,0,0,80,11,66,21,18
5,2,8,0,0,71,11,53,21,18
5,2,9,0,0,59,11,44,21,18
5,2,10,0,0,55,13,43,21,15
5,2,11,0,0,60,11,43,14,9
5,2,12,0,0,66,14,50,10,5
5,2,13,0,0,70,14,50,11,6
5,2,14,0,0,69,15,50,11,6
5,2,15,0,0,79,18,59,10,1
5,2,16,0,0,83,14,60,10,1
5,2,17,0,0,79,26,39,6,1
5,2,18,0,0,61,13,48,10,1
5,2,19,0,0,60,14,40,8,1
5,2,20,0,0,61,11,40,8,1
5,2,21,0,0,55,11,40,5,1
5,2,22,0,0,56,10,39,4,1
5,2,23,0,0,60,5,49,5,5
5,3,0,0,0,68,5,55,5,5
5,3,1,0,0,78,5,61,5,5
5,3,2,0,0,81,5,65,11,11
5,3,3,0,0,85,5,68,20,20
5,3,4,0,0,84,9,66,28,28
5,3,5,0,0,74,11,64,24,24
5,3,6,0,0,61,14,58,11,10
5,3,7,0,0,53,10,46,10,1
5,3,8,0,0,48,10,40,10,3
5,3,9,0,0,51,9,40,11,4
5,3,10,0,0,53,10,40,11,4
5,3,11,0,0,58,10,45,8,4
5,3,12,0,0,61,11,50,9,3
5,3,13,0,0,63,10,53,6,3
5,3,14,0,0,68,14,49,5,1
5,3,15,0,0,69,14,51,4,3
5,3,16,0,0,71,15,53,10,3
5,3,17,0,0,60,15,41,8,3
5,3,18,0,0,55,13,43,8,3
5,3,19,0,0,58,16,44,8,3
5,3,20,0,0,59,11,48,6,3
5,3,21,0,0,56,14,46,5,3
5,3,22,0,0,59,9,48,5,3
5,3,23,0,0,61,6,59,5,5
5,4,0,0,0,92,5,74,5,5
5,4,1,0,0,102,5,80,4,5
5,4,2,0,0,112,5,90,7,7
5,4,3,0,0,121,5,88,12,11
5,4,4,0,0,112,11,72,18,18
5,4,5,0,0,112,15,86,13,13
5,4,6,0,0,116,12,91,19,19
5,4,7,0,0,114,12,86,19,1
5,4,8,0,0,108,13,78,20,1
5,4,9,0,0,102,13,71,21,2
5,4,10,0,0,96,14,66,17,2
5,4,11,0,0,90,14,64,16,2
5,4,12,0,0,89,14,61,17,2
5,4,13,0,0,96,14,63,18,2
5,4,14,0,0,101,15,66,20,2
5,4,15,0,0,110,14,73,15,2
5,4,16,0,0,114,14,72,17,2
5,4,17,0,0,111,19,66,18,2
5,4,18,0,0,102,13,59,13,2
5,4,19,0,0,91,10,48,12,2
5,4,20,0,0,85,9,48,6,2
5,4,21,0,0,79,10,42,5,2
5,4,22,0,0,70,10,40,5,3
5,4,23,0,0,77,6,48,5,5
5,5,0,0,0,85,6,56,5,5
5,5,1,0,0,75,5,50,5,5
5,5,2,0,0,37,5,23,5,5
5,5,3,0,0,24,5,18,5,5
5,5,4,0,0,23,6,18,5,5
5,5,5,0,0,27,7,24,5,5
5,5,6,0,0,38,8,32,5,5
5,5,7,0,0,30,6,21,5,5
5,5,8,0,0,27,7,20,5,5
5,5,9,0,0,29,9,21,5,5
5,5,10,0,0,35,11,24,6,6
5,5,11,0,0,38,11,27,9,9
5,5,12,0,0,56,12,38,12,12
5,5,13,0,0,69,12,50,17,17
5,5,14,0,0,87,15,60,18,18
5,5,15,0,0,117,18,83,12,3
5,5,16,0,0,124,19,83,9,2
5,5,17,0,0,143,20,95,10,2
5,5,18,0,0,160,20,99,9,2
5,5,19,0,0,174,16,107,8,2
5,5,20,0,0,181,17,111,6,2
5,5,21,0,0,195,17,124,4,2
5,5,22,0,0,200,16,123,5,2
5,5,23,0,0,226,25,143,5,5
5,6,0,0,0,234,12,148,5,5
5,6,1,0,0,241,8,153,5,5
5,6,2,0,0,249,6,160,5,5
5,6,3,0,0,253,6,162,5,5
5,6,4,0,0,245,5,154,5,5
5,6,5,0,0,212,5,111,5,5
5,6,6,0,0,188,6,99,5,5
5,6,7,0,0,148,5,84,5,2
5,6,8,0,0,98,5,58,5,2
5,6,9,0,0,86,8,50,5,2
5,6,10,0,0,78,7,45,5,2
5,6,11,0,0,73,8,37,5,1
5,6,12,0,0,73,9,38,5,1
5,6,13,0,0,71,10,40,5,1
5,6,14,0,0,75,12,45,6,1
5,6,15,0,0,81,12,50,5,1
5,6,16,0,0,82,17,51,5,0
5,6,17,0,0,86,20,51,8,1
5,6,18,0,0,80,13,53,6,1
5,6,19,0,0,74,16,50,8,1
5,6,20,0,0,81,14,55,12,2
5,6,21,0,0,82,15,56,11,3
5,6,22,0,0,82,16,56,12,2
5,6,23,0,0,98,9,66,6,5
6,0,0,0,0,87,6,62,5,4
6,0,1,0,0,93,5,75,5,4
6,0,2,0,0,99,5,68,9,8
6,0,3,0,0,94,5,60,14,13
6,0,4,0,0,96,9,60,18,17
6,0,5,0,0,99,13,64,20,17
6,0,6,0,0,93,14,57,22,20
6,0,7,0,0,83,12,60,29,27
6,0,8,0,0,70,13,53,32,30
6,0,9,0,0,69,11,55,35,33
6,0,10,0,0,67,11,53,37,37
6,0,11,0,0,63,10,46,32,32
6,0,12,0,0,67,14,51,36,34
6,0,13,0,0,73,12,53,40,28
6,0,14,0,0,85,13,61,44,29
6,0,15,0,0,92,12,62,42,5
6,0,16,0,0,93,11,66,39,4
6,0,17,0,0,84,10,63,31,2
6,0,18,0,0,77,11,57,26,2
6,0,19,0,0,75,10,51,23,2
6,0,20,0,0,70,12,42,16,2
6,0,21,0,0,60,8,36,12,2
6,0,22,0,0,56,9,33,7,2
6,0,23,0,0,63,6,41,5,5
6,1,0,0,0,69,5,49,5,5
6,1,1,0,0,74,5,53,5,5
6,1,2,0,0,68,5,62,7,7
6,1,3,0,0,75,5,53,9,9
6,1,4,0,0,75,11,53,20,20
6,1,5,0,0,72,16,56,33,33
6,1,6,0,0,72,14,57,40,40
6,1,7,0,0,69,15,57,39,9
6,1,8,0,0,70,15,58,40,9
6,1,9,0,0,70,13,57,41,9
6,1,10,0,0,66,12,52,35,9
6,1,11,0,0,66,13,42,33,9
6,1,12,0,0,68,13,54,38,11
6,1,13,0,0,76,14,55,40,11
6,1,14,0,0,76,14,58,43,11
6,1,15,0,0,81,12,58,37,4
6,1,16,0,0,79,12,56,28,4
6,1,17,0,0,78,11,56,21,3
6,1,18,0,0,70,11,46,14,2
6,1,19,0,0,62,9,39,11,2
6,1,20,0,0,56,7,36,12,9
6,1,21,0,0,50,11,31,10,7
6,1,22,0,0,49,7,33,10,7
6,1,23,0,0,70,8,44,6,6
6,2,0,0,0,80,9,49,5,5
6,2,1,0,0,78,5,44,5,5
6,2,2,0,0,78,5,45,6,6
6,2,3,0,0,76,5,50,14,10
6,2,4,0,0,73,13,55,24,19
6,2,5,0,0,76,16,56,25,21
6,2,6,0,0,75,11,59,24,21
6,2,7,0,0,80,10,68,34,18
6,2,8,0,0,84,11,73,41,20
6,2,9,0,0,74,10,61,38,21
6,2,10,0,0,74,11,64,33,20
6,2,11,0,0,78,11,69,28,13
6,2,12,0,0,65,25,65,28,14
6,2,13,0,0,81,13,60,28,13
6,2,14,0,0,78,11,60,26,9
6,2,15,0,0,76,20,51,16,1
6,2,16,0,0,71,13,56,13,1
6,2,17,0,0,66,10,44,11,1
6,2,18,0,0,51,10,35,10,1
6,2,19,0,0,40,9,29,10,1
6,2,20,0,0,38,9,25,8,1
6,2,21,0,0,35,9,25,5,1
6,2,22,0,0,31,9,24,5,1
6,2,23,0,0,43,5,40,19,5
6,3,0,0,0,50,5,39,5,5
6,3,1,0,0,50,5,38,5,5
6,3,2,0,0,54,5,44,5,5
6,3,3,0,0,58,5,45,9,9
6,3,4,0,0,65,13,55,21,21
6,3,5,0,0,70,16,66,35,35
6,3,6,0,0,73,14,68,40,40
6,3,7,0,0,70,14,64,55,4
6,3,8,0,0,73,15,64,46,4
6,3,9,0,0,74,14,63,41,4
6,3,10,0,0,70,13,58,31,4
6,3,11,0,0,75,15,61,31,4
6,3,12,0,0,79,14,65,30,4
6,3,13,0,0,85,14,69,33,3
6,3,14,0,0,86,14,70,33,3
6,3,15,0,0,84,13,69,26,3
6,3,16,0,0,88,13,69,19,1
6,3,17,0,0,83,14,61,18,1
6,3,18,0,0,70,11,56,14,1
6,3,19,0,0,69,11,53,14,1
6,3,20,0,0,50,8,38,9,1
6,3,21,0,0,41,10,34,8,1
6,3,22,0,0,36,11,33,6,1
6,3,23,0,0,51,8,41,5,5
6,4,0,0,0,56,5,45,5,5
6,4,1,0,0,58,5,45,5,5
6,4,2,0,0,63,5,49,5,5
6,4,3,0,0,68,5,53,9,9
6,4,4,0,0,65,10,51,18,18
6,4,5,0,0,65,9,55,30,30
6,4,6,0,0,71,9,49,35,35
6,4,7,0,0,71,15,58,35,1
6,4,8,0,0,68,16,60,39,1
6,4,9,0,0,78,14,61,34,1
6,4,10,0,0,75,15,56,40,1
6,4,11,0,0,75,15,53,45,1
6,4,12,0,0,75,15,56,48,1
6,4,13,0,0,80,15,61,49,1
6,4,14,0,0,81,15,63,50,1
6,4,15,0,0,76,14,65,38,3
6,4,16,0,0,81,10,68,34,3
6,4,17,0,0,75,10,64,33,3
6,4,18,0,0,65,10,45,24,3
6,4,19,0,0,58,11,38,20,3
6,4,20,0,0,50,10,34,10,3
6,4,21,0,0,45,10,34,8,3
6,4,22,0,0,45,11,34,6,3
6,4,23,0,0,54,5,48,5,5
6,5,0,0,0,45,5,30,5,5
6,5,1,0,0,36,5,23,5,5
6,5,2,0,0,31,5,21,5,5
6,5,3,0,0,18,5,10,5,5
6,5,4,0,0,18,5,10,5,5
6,5,5,0,0,20,5,16,5,5
6,5,6,0,0,26,6,23,8,8
6,5,7,0,0,24,9,20,9,3
6,5,8,0,0,25,10,20,14,3
6,5,9,0,0,28,10,21,19,3
6,5,10,0,0,33,14,26,28,3
6,5,11,0,0,40,15,33,30,3
6,5,12,0,0,50,15,43,40,3
6,5,13,0,0,63,13,50,48,3
6,5,14,0,0,73,15,64,51,3
6,5,15,0,0,74,21,55,45,0
6,5,16,0,0,85,16,66,38,0
6,5,17,0,0,98,15,74,35,0
6,5,18,0,0,101,15,78,35,0
6,5,19,0,0,100,13,71,30,0
6,5,20,0,0,94,14,63,31,0
6,5,21,0,0,93,14,59,28,0
6,5,22,0,0,95,15,63,26,0
6,5,23,0,0,108,13,73,18,18
6,6,0,0,0,118,13,83,13,13
6,6,1,0,0,125,9,76,10,10
6,6,2,0,0,124,5,68,8,8
6,6,3,0,0,113,5,55,6,6
6,6,4,0,0,81,5,38,5,5
6,6,5,0,0,45,5,16,5,5
6,6,6,0,0,40,5,19,5,5
6,6,7,0,0,29,5,20,5,0
6,6,8,0,0,24,6,18,5,0
6,6,9,0,0,21,8,15,5,0
6,6,10,0,0,25,9,18,5,0
6,6,11,0,0,29,10,21,5,1
6,6,12,0,0,38,10,29,6,1
6,6,13,0,0,50,11,40,10,3
6,6,14,0,0,63,15,53,21,1
6,6,15,0,0,69,15,56,21,0
6,6,16,0,0,70,13,63,16,0
6,6,17,0,0,80,15,60,16,0
6,6,18,0,0,78,11,54,18,0
6,6,19,0,0,75,14,61,18,0
6,6,20,0,0,78,14,68,18,0
6,6,21,0,0,84,15,78,13,0
6,6,22,0,0,89,15,80,10,0
6,6,23,0,0,90,13,75,5,4
7,0,0,0,0,103,10,75,5,5
7,0,1,0,0,98,6,69,5,5
7,0,2,0,0,101,5,61,6,6
7,0,3,0,0,90,6,58,9,9
7,0,4,0,0,90,9,59,19,19
7,0,5,0,0,83,11,59,31,31
7,0,6,0,0,79,11,64,36,36
7,0,7,0,0,79,14,64,34,5
7,0,8,0,0,80,13,64,40,5
7,0,9,0,0,75,11,60,45,5
7,0,10,0,0,70,11,58,48,5
7,0,11,0,0,70,13,58,50,5
7,0,12,0,0,73,11,60,46,6
7,0,13,0,0,75,13,63,48,6
7,0,14,0,0,78,15,65,46,5
7,0,15,0,0,93,13,71,45,5
7,0,16,0,0,105,11,78,30,5
7,0,17,0,0,106,8,76,19,5
7,0,18,0,0,104,9,70,10,4
7,0,19,0,0,93,10,63,6,4
7,0,20,0,0,86,8,58,5,4
7,0,21,0,0,85,9,50,5,4
7,0,22,0,0,86,6,45,5,4
7,0,23,0,0,94,8,54,5,5
7,1,0,0,0,98,6,60,5,5
7,1,1,0,0,89,5,55,5,5
7,1,2,0,0,80,5,49,5,5
7,1,3,0,0,73,9,51,10,10
7,1,4,0,0,78,8,51,21,21
7,1,5,0,0,80,13,59,31,31
7,1,6,0,0,83,14,64,38,38
7,1,7,0,0,76,15,60,40,11
7,1,8,0,0,78,15,63,33,5
7,1,9,0,0,71,14,56,30,3
7,1,10,0,0,71,15,60,38,5
7,1,11,0,0,78,15,65,55,23
7,1,12,0,0,85,15,70,45,10
7,1,13,0,0,83,14,71,45,10
7,1,14,0,0,90,14,75,46,10
7,1,15,0,0,105,11,85,19,5
7,1,16,0,0,101,10,79,11,4
7,1,17,0,0,93,10,78,5,3
7,1,18,0,0,93,9,71,5,3
7,1,19,0,0,85,10,60,5,3
7,1,20,0,0,74,9,51,5,3
7,1,21,0,0,60,10,41,5,3
7,1,22,0,0,60,9,46,5,3
7,1,23,0,0,60,8,43,5,5
7,2,0,0,0,38,5,29,5,5
7,2,1,0,0,40,5,29,5,5
7,2,2,0,0,36,5,27,5,5
7,2,3,0,0,42,5,34,5,5
7,2,4,0,0,46,7,40,19,19
7,2,5,0,0,59,10,51,35,35
7,2,6,0,0,68,11,60,44,44
7,2,7,0,0,69,14,59,39,4
7,2,8,0,0,69,14,60,37,4
7,2,9,0,0,67,15,56,42,4
7,2,10,0,0,69,15,47,52,4
7,2,11,0,0,72,14,63,51,4
7,2,12,0,0,74,14,65,55,4
7,2,13,0,0,78,12,68,57,4
7,2,14,0,0,80,14,68,58,4
7,2,15,0,0,87,10,71,43,3
7,2,16,0,0,85,9,71,33,3
7,2,17,0,0,82,10,64,23,3
7,2,18,0,0,74,11,61,17,3
7,2,19,0,0,70,10,53,12,3
7,2,20,0,0,66,11,51,12,3
7,2,21,0,0,61,9,40,5,3
7,2,22,0,0,57,9,36,5,3
7,2,23,0,0,64,6,42,5,5
7,3,0,0,0,55,6,35,5,5
7,3,1,0,0,33,5,20,5,5
7,3,2,0,0,37,5,25,5,5
7,3,3,0,0,40,5,28,8,8
7,3,4,0,0,48,7,41,23,23
7,3,5,0,0,50,9,42,41,41
7,3,6,0,0,58,11,49,50,45
7,3,7,0,0,59,13,48,43,3
7,3,8,0,0,63,14,53,48,3
7,3,9,0,0,67,13,57,48,3
7,3,10,0,0,71,14,62,52,3
7,3,11,0,0,73,14,64,53,3
7,3,12,0,0,75,15,66,57,3
7,3,13,0,0,81,14,71,62,3
7,3,14,0,0,86,15,75,66,3
7,3,15,0,0,87,11,78,56,2
7,3,16,0,0,83,14,76,47,1
7,3,17,0,0,75,14,69,43,1
7,3,18,0,0,67,13,55,35,1
7,3,19,0,0,61,13,48,34,1
7,3,20,0,0,58,13,43,28,1
7,3,21,0,0,59,10,40,17,1
7,3,22,0,0,56,11,40,9,4
7,3,23,0,0,58,8,50,5,5
7,4,0,0,0,49,5,40,5,5
7,4,1,0,0,35,5,23,5,5
7,4,2,0,0,22,5,15,4,5
7,4,3,0,0,34,5,27,10,10
7,4,4,0,0,44,9,37,22,22
7,4,5,0,0,59,9,52,35,35
7,4,6,0,0,67,11,63,46,46
7,4,7,0,0,73,15,64,47,12
7,4,8,0,0,81,15,71,52,12
7,4,9,0,0,87,13,76,56,12
7,4,10,0,0,99,14,82,62,15
7,4,11,0,0,106,13,92,70,15
7,4,12,0,0,112,14,98,80,15
7,4,13,0,0,124,14,107,82,15
7,4,14,0,0,130,14,107,81,15
7,4,15,0,0,129,15,109,76,1
7,4,16,0,0,126,11,105,65,1
7,4,17,0,0,113,14,93,43,1
7,4,18,0,0,99,13,79,27,1
7,4,19,0,0,85,33,66,18,1
7,4,20,0,0,76,9,55,16,1
7,4,21,0,0,65,11,46,16,1
7,4,22,0,0,60,18,45,16,1
7,4,23,0,0,62,5,51,5,5
7,5,0,0,0,51,5,41,5,5
7,5,1,0,0,40,6,35,5,5
7,5,2,0,0,34,5,30,5,5
7,5,3,0,0,19,5,15,5,5
7,5,4,0,0,24,5,19,5,5
7,5,5,0,0,31,5,25,5,5
7,5,6,0,0,25,5,20,10,9
7,5,7,0,0,25,5,16,16,3
7,5,8,0,0,28,9,24,16,3
7,5,9,0,0,31,10,28,23,3
7,5,10,0,0,36,14,30,26,3
7,5,11,0,0,46,14,34,29,3
7,5,12,0,0,49,14,43,30,3
7,5,13,0,0,58,14,49,35,3
7,5,14,0,0,70,15,56,40,3
7,5,15,0,0,75,16,65,36,0
7,5,16,0,0,81,15,73,31,0
7,5,17,0,0,81,15,73,24,0
7,5,18,0,0,83,15,71,19,0
7,5,19,0,0,85,14,73,15,0
7,5,20,0,0,83,13,59,13,0
7,5,21,0,0,78,14,63,10,0
7,5,22,0,0,83,15,65,6,0
7,5,23,0,0,90,15,66,5,5
7,6,0,0,0,89,10,70,5,5
7,6,1,0,0,85,9,64,5,5
7,6,2,0,0,70,6,53,5,5
7,6,3,0,0,41,6,28,5,5
7,6,4,0,0,24,5,19,5,5
7,6,5,0,0,23,5,16,13,13
7,6,6,0,0,24,6,19,5,5
7,6,7,0,0,16,5,13,5,3
7,6,8,0,0,21,5,14,6,4
7,6,9,0,0,29,8,20,8,6
7,6,10,0,0,34,10,25,10,9
7,6,11,0,0,41,11,30,15,11
7,6,12,0,0,50,13,38,21,14
7,6,13,0,0,56,14,49,28,15
7,6,14,0,0,65,14,51,29,8
7,6,15,0,0,73,13,60,13,1
7,6,16,0,0,75,11,60,9,0
7,6,17,0,0,85,9,60,9,0
7,6,18,0,0,85,9,55,11,0
7,6,19,0,0,80,10,49,10,0
7,6,20,0,0,85,10,55,9,0
7,6,21,0,0,89,13,56,6,0
7,6,22,0,0,89,10,58,6,0
7,6,23,0,0,99,10,70,5,5
8,0,0,0,0,203,14,140,15,4
8,0,1,0,0,215,16,146,14,4
8,0,2,0,0,218,18,145,16,4
8,0,3,0,0,225,16,139,24,4
8,0,4,0,0,230,18,134,32,4
8,0,5,0,0,234,24,140,42,4
8,0,6,0,0,227,21,133,43,4
8,0,7,0,0,213,19,134,42,4
8,0,8,0,0,212,18,137,55,5
8,0,9,0,0,200,16,118,60,14
8,0,10,0,0,178,16,118,62,5
8,0,11,0,0,160,15,106,64,5
8,0,12,0,0,150,19,102,64,5
8,0,13,0,0,158,16,98,57,5
8,0,14,0,0,148,17,94,56,5
8,0,15,0,0,142,13,93,50,5
8,0,16,0,0,140,12,92,43,5
8,0,17,0,0,120,13,79,43,5
8,0,18,0,0,113,11,84,34,4
8,0,19,0,0,113,14,84,33,4
8,0,20,0,0,111,10,80,29,4
8,0,21,0,0,105,9,83,22,2
8,0,22,0,0,101,10,77,16,2
8,0,23,0,0,110,7,80,8,5
8,1,0,0,0,108,5,73,5,5
8,1,1,0,0,114,5,68,5,5
8,1,2,0,0,116,5,60,5,5
8,1,3,0,0,111,5,55,13,5
8,1,4,0,0,119,6,61,28,5
8,1,5,0,0,106,6,68,41,5
8,1,6,0,0,96,8,68,44,5
8,1,7,0,0,88,9,61,48,4
8,1,8,0,0,96,13,74,54,4
8,1,9,0,0,98,11,78,53,4
8,1,10,0,0,105,14,83,53,4
8,1,11,0,0,98,13,80,51,4
8,1,12,0,0,94,15,80,53,4
8,1,13,0,0,90,14,80,64,4
8,1,14,0,0,90,15,80,64,4
8,1,15,0,0,95,13,80,58,4
8,1,16,0,0,90,13,79,45,4
8,1,17,0,0,86,11,76,44,4
8,1,18,0,0,80,11,71,36,3
8,1,19,0,0,73,10,64,35,3
8,1,20,0,0,71,11,65,36,4
8,1,21,0,0,56,10,56,20,3
8,1,22,0,0,51,10,51,16,4
8,1,23,0,0,58,8,54,8,5
8,2,0,0,0,53,5,46,5,5
8,2,1,0,0,40,5,34,5,5
8,2,2,0,0,41,5,35,5,5
8,2,3,0,0,51,5,40,18,5
8,2,4,0,0,56,6,48,29,5
8,2,5,0,0,65,10,56,35,5
8,2,6,0,0,65,9,47,35,5
8,2,7,0,0,69,11,56,49,4
8,2,8,0,0,63,13,53,51,4
8,2,9,0,0,66,10,58,55,4
8,2,10,0,0,71,14,63,59,4
8,2,11,0,0,75,14,66,63,4
8,2,12,0,0,88,14,71,78,4
8,2,13,0,0,88,14,76,78,4
8,2,14,0,0,93,15,76,79,4
8,2,15,0,0,94,14,83,71,1
8,2,16,0,0,90,13,88,64,1
8,2,17,0,0,86,14,79,59,1
8,2,18,0,0,75,15,65,40,1
8,2,19,0,0,59,13,49,24,1
8,2,20,0,0,56,11,51,19,1
8,2,21,0,0,53,14,54,9,1
8,2,22,0,0,54,14,51,6,1
8,2,23,0,0,48,8,46,5,5
8,3,0,0,0,40,5,34,5,5
8,3,1,0,0,38,5,33,5,5
8,3,2,0,0,38,5,31,9,5
8,3,3,0,0,46,8,35,16,5
8,3,4,0,0,49,8,41,29,5
8,3,5,0,0,61,10,53,39,5
8,3,6,0,0,64,11,55,48,5
8,3,7,0,0,56,13,46,50,3
8,3,8,0,0,63,14,54,59,3
8,3,9,0,0,71,13,60,59,3
8,3,10,0,0,75,14,66,56,3
8,3,11,0,0,75,15,60,55,3
8,3,12,0,0,85,14,73,56,3
8,3,13,0,0,85,14,73,63,3
8,3,14,0,0,88,15,75,65,3
8,3,15,0,0,89,13,83,78,3
8,3,16,0,0,75,15,64,48,3
8,3,17,0,0,70,15,60,31,1
8,3,18,0,0,69,14,40,14,1
8,3,19,0,0,46,13,34,9,1
8,3,20,0,0,44,11,39,14,1
8,3,21,0,0,44,13,36,11,1
8,3,22,0,0,43,13,38,11,1
8,3,23,0,0,43,9,35,11,5
8,4,0,0,0,26,5,21,5,5
8,4,1,0,0,26,5,21,5,5
8,4,2,0,0,34,5,30,9,5
8,4,3,0,0,51,5,41,20,5
8,4,4,0,0,54,6,46,28,5
8,4,5,0,0,63,9,55,38,5
8,4,6,0,0,66,10,60,35,5
8,4,7,0,0,65,14,61,49,4
8,4,8,0,0,65,15,58,53,4
8,4,9,0,0,70,14,60,56,4
8,4,10,0,0,75,15,65,60,4
8,4,11,0,0,80,14,74,66,4
8,4,12,0,0,88,15,69,68,4
8,4,13,0,0,90,18,80,76,4
8,4,14,0,0,91,19,83,76,4
8,4,15,0,0,91,20,94,68,5
8,4,16,0,0,98,15,105,34,5
8,4,17,0,0,85,14,74,33,5
8,4,18,0,0,71,14,56,31,5
8,4,19,0,0,65,14,46,26,5
8,4,20,0,0,60,14,40,20,5
8,4,21,0,0,64,14,45,21,4
8,4,22,0,0,61,13,48,18,3
8,4,23,0,0,68,10,48,9,4
8,5,0,0,0,59,11,43,5,4
8,5,1,0,0,35,7,30,5,4
8,5,2,0,0,30,7,20,5,4
8,5,3,0,0,24,7,16,5,4
8,5,4,0,0,27,7,20,5,4
8,5,5,0,0,38,7,27,8,3
8,5,6,0,0,45,7,33,9,4
8,5,7,0,0,42,10,30,11,3
8,5,8,0,0,36,12,30,19,3
8,5,9,0,0,44,13,34,24,3
8,5,10,0,0,42,13,32,25,8
8,5,11,0,0,50,13,40,30,6
8,5,12,0,0,61,12,50,40,3
8,5,13,0,0,75,16,62,47,2
8,5,14,0,0,83,16,68,53,2
8,5,15,0,0,93,16,77,44,1
8,5,16,0,0,100,18,69,44,1
8,5,17,0,0,108,16,93,41,1
8,5,18,0,0,129,18,110,40,0
8,5,19,0,0,142,22,99,34,0
8,5,20,0,0,143,21,105,21,0
8,5,21,0,0,150,22,106,16,0
8,5,22,0,0,150,24,100,14,0
8,5,23,0,0,155,24,109,11,3
8,6,0,0,0,160,21,110,10,3
8,6,1,0,0,160,20,113,10,3
8,6,2,0,0,149,11,111,10,3
8,6,3,0,0,135,10,92,13,4
8,6,4,0,0,117,13,68,11,4
8,6,5,0,0,96,9,63,7,5
8,6,6,0,0,87,11,59,6,5
8,6,7,0,0,89,9,63,7,4
8,6,8,0,0,94,11,69,7,5
8,6,9,0,0,105,12,76,11,5
8,6,10,0,0,118,18,90,15,5
8,6,11,0,0,129,15,101,20,4
8,6,12,0,0,140,16,111,27,5
8,6,13,0,0,159,18,124,41,5
8,6,14,0,0,171,21,140,52,5
8,6,15,0,0,169,14,138,34,3
8,6,16,0,0,172,16,148,29,2
8,6,17,0,0,180,14,152,23,2
8,6,18,0,0,184,13,144,22,2
8,6,19,0,0,184,14,136,22,3
8,6,20,0,0,187,19,132,24,3
8,6,21,0,0,188,21,128,16,1
8,6,22,0,0,188,24,122,17,1
8,6,23,0,0,199,22,138,15,5
9,0,0,0,0,114,5,74,5,5
9,0,1,0,0,104,5,63,5,5
9,0,2,0,0,93,5,60,5,5
9,0,3,0,0,74,6,49,10,5
9,0,4,0,0,70,8,45,18,5
9,0,5,0,0,73,10,44,23,5
9,0,6,0,0,68,10,40,20,5
9,0,7,0,0,61,11,40,23,5
9,0,8,0,0,54,11,39,28,5
9,0,9,0,0,55,13,43,35,5
9,0,10,0,0,56,14,41,43,5
9,0,11,0,0,65,15,50,45,5
9,0,12,0,0,83,18,64,53,5
9,0,13,0,0,101,16,76,55,5
9,0,14,0,0,106,19,86,66,5
9,0,15,0,0,114,14,94,64,5
9,0,16,0,0,124,9,98,59,5
9,0,17,0,0,130,13,98,59,5
9,0,18,0,0,126,14,95,58,5
9,0,19,0,0,124,14,91,50,5
9,0,20,0,0,123,13,86,48,5
9,0,21,0,0,118,10,83,48,5
9,0,22,0,0,118,8,83,39,4
9,0,23,0,0,118,9,81,21,5
9,1,0,0,0,106,6,68,9,5
9,1,1,0,0,64,5,30,6,5
9,1,2,0,0,45,5,28,7,5
9,1,3,0,0,52,6,35,18,5
9,1,4,0,0,58,6,45,26,5
9,1,5,0,0,51,9,39,35,16
9,1,6,0,0,49,9,38,36,17
9,1,7,0,0,41,14,31,35,14
9,1,8,0,0,45,13,35,40,14
9,1,9,0,0,52,12,44,50,14
9,1,10,0,0,62,13,49,54,14
9,1,11,0,0,66,11,52,60,14
9,1,12,0,0,76,13,63,60,14
9,1,13,0,0,80,15,70,60,14
9,1,14,0,0,86,15,73,62,14
9,1,15,0,0,90,11,73,50,5
9,1,16,0,0,87,11,70,38,5
9,1,17,0,0,84,10,64,35,5
9,1,18,0,0,80,11,59,35,5
9,1,19,0,0,78,9,59,36,5
9,1,20,0,0,76,9,58,32,5
9,1,21,0,0,73,11,52,14,4
9,1,22,0,0,68,11,50,10,4
9,1,23,0,0,71,7,57,7,5
9,2,0,0,0,48,5,39,5,5
9,2,1,0,0,46,5,35,5,5
9,2,2,0,0,43,5,32,7,5
9,2,3,0,0,43,6,31,12,5
9,2,4,0,0,53,9,42,25,5
9,2,5,0,0,58,9,46,34,5
9,2,6,0,0,56,11,39,38,5
9,2,7,0,0,41,12,31,35,5
9,2,8,0,0,43,10,36,42,5
9,2,9,0,0,48,10,41,48,5
9,2,10,0,0,57,14,50,54,5
9,2,11,0,0,62,14,55,56,5
9,2,12,0,0,71,13,63,58,5
9,2,13,0,0,89,15,76,66,5
9,2,14,0,0,108,12,88,73,5
9,2,15,0,0,101,10,83,71,3
9,2,16,0,0,92,12,71,53,3
9,2,17,0,0,82,13,59,34,3
9,2,18,0,0,72,11,52,22,1
9,2,19,0,0,63,12,47,17,1
9,2,20,0,0,63,11,50,17,1
9,2,21,0,0,57,10,49,11,1
9,2,22,0,0,57,11,49,7,1
9,2,23,0,0,60,6,51,5,5
9,3,0,0,0,56,5,48,5,5
9,3,1,0,0,39,5,31,5,5
9,3,2,0,0,36,5,28,5,5
9,3,3,0,0,34,5,28,5,5
9,3,4,0,0,39,6,34,16,5
9,3,5,0,0,40,8,35,26,5
9,3,6,0,0,43,9,38,26,5
9,3,7,0,0,43,14,36,30,1
9,3,8,0,0,39,15,33,33,1
9,3,9,0,0,48,15,39,40,1
9,3,10,0,0,55,13,48,48,1
9,3,11,0,0,65,15,58,56,1
9,3,12,0,0,68,14,59,56,1
9,3,13,0,0,76,16,69,60,1
9,3,14,0,0,80,16,71,61,1
9,3,15,0,0,80,14,71,54,3
9,3,16,0,0,76,9,65,38,1
9,3,17,0,0,73,13,56,30,1
9,3,18,0,0,70,11,59,21,1
9,3,19,0,0,70,10,59,21,1
9,3,20,0,0,68,13,60,28,1
9,3,21,0,0,68,11,58,19,1
9,3,22,0,0,66,11,58,9,1
9,3,23,0,0,68,10,60,5,5
9,4,0,0,0,54,5,43,5,5
9,4,1,0,0,25,5,21,5,5
9,4,2,0,0,24,5,23,5,5
9,4,3,0,0,35,5,31,14,5
9,4,4,0,0,44,5,39,29,5
9,4,5,0,0,58,9,54,38,5
9,4,6,0,0,58,9,56,50,5
9,4,7,0,0,54,15,45,50,1
9,4,8,0,0,46,15,40,43,1
9,4,9,0,0,50,16,41,48,1
9,4,10,0,0,58,13,50,48,1
9,4,11,0,0,63,16,55,56,1
9,4,12,0,0,73,15,63,60,1
9,4,13,0,0,88,18,75,71,1
9,4,14,0,0,98,19,85,74,1
9,4,15,0,0,91,13,75,63,0
9,4,16,0,0,81,14,69,60,0
9,4,17,0,0,85,14,66,46,0
9,4,18,0,0,78,14,54,34,0
9,4,19,0,0,69,13,40,28,0
9,4,20,0,0,65,14,39,23,0
9,4,21,0,0,65,11,36,15,0
9,4,22,0,0,56,13,31,10,0
9,4,23,0,0,39,8,29,5,5
9,5,0,0,0,16,5,15,5,5
9,5,1,0,0,15,5,15,5,5
9,5,2,0,0,11,5,11,5,5
9,5,3,0,0,13,5,13,5,5
9,5,4,0,0,20,5,19,9,5
9,5,5,0,0,33,5,30,9,5
9,5,6,0,0,36,5,26,11,5
9,5,7,0,0,46,9,36,16,5
9,5,8,0,0,49,10,38,24,5
9,5,9,0,0,54,11,43,31,5
9,5,10,0,0,55,11,43,40,5
9,5,11,0,0,61,13,53,48,5
9,5,12,0,0,66,13,54,48,5
9,5,13,0,0,74,14,64,55,5
9,5,14,0,0,76,14,64,64,5
9,5,15,0,0,85,16,76,49,0
9,5,16,0,0,88,16,76,53,0
9,5,17,0,0,103,19,83,50,0
9,5,18,0,0,113,16,71,48,0
9,5,19,0,0,125,19,76,40,0
9,5,20,0,0,136,19,88,31,0
9,5,21,0,0,154,19,81,28,1
9,5,22,0,0,159,19,83,20,1
9,5,23,0,0,160,25,100,8,4
9,6,0,0,0,114,11,81,11,4
9,6,1,0,0,100,9,65,9,4
9,6,2,0,0,88,8,33,8,4
9,6,3,0,0,63,6,19,8,4
9,6,4,0,0,44,6,25,8,4
9,6,5,0,0,36,6,23,8,4
9,6,6,0,0,38,6,24,9,5
9,6,7,0,0,35,10,25,8,5
9,6,8,0,0,39,13,28,10,5
9,6,9,0,0,45,11,34,18,5
9,6,10,0,0,55,13,40,24,5
9,6,11,0,0,55,13,44,29,5
9,6,12,0,0,74,14,56,41,5
9,6,13,0,0,84,14,68,48,5
9,6,14,0,0,111,16,88,45,4
9,6,15,0,0,128,31,79,34,3
9,6,16,0,0,146,15,104,33,4
9,6,17,0,0,148,14,101,22,4
9,6,18,0,0,148,14,95,31,4
9,6,19,0,0,136,13,89,29,3
9,6,20,0,0,139,19,88,26,3
9,6,21,0,0,139,16,93,20,0
9,6,22,0,0,136,15,93,14,1
9,6,23,0,0,133,8,86,8,5
10,0,0,0,0,75,5,61,5,5
10,0,1,0,0,60,5,48,5,5
10,0,2,0,0,48,5,33,5,5
10,0,3,0,0,48,5,33,10,10
10,0,4,0,0,40,6,29,19,19
10,0,5,0,0,41,11,31,24,24
10,0,6,0,0,50,13,38,29,24
10,0,7,0,0,58,18,51,34,14
10,0,8,0,0,60,15,54,40,14
10,0,9,0,0,61,11,55,39,14
10,0,10,0,0,64,14,59,45,18
10,0,11,0,0,75,13,68,53,18
10,0,12,0,0,85,14,71,61,21
10,0,13,0,0,108,16,94,64,23
10,0,14,0,0,133,23,115,64,23
10,0,15,0,0,124,10,103,61,3
10,0,16,0,0,124,14,98,53,3
10,0,17,0,0,110,10,80,41,3
10,0,18,0,0,90,10,61,29,1
10,0,19,0,0,76,20,46,23,0
10,0,20,0,0,75,11,54,16,0
10,0,21,0,0,65,18,40,10,0
10,0,22,0,0,53,10,40,6,0
10,0,23,0,0,41,5,28,5,5
10,1,0,0,0,28,5,20,5,5
10,1,1,0,0,26,5,19,5,5
10,1,2,0,0,28,5,21,6,6
10,1,3,0,0,34,6,26,13,13
10,1,4,0,0,36,5,30,25,25
10,1,5,0,0,41,10,33,24,24
10,1,6,0,0,48,14,40,25,25
10,1,7,0,0,46,14,40,30,16
10,1,8,0,0,49,14,40,31,16
10,1,9,0,0,48,11,41,34,16
10,1,10,0,0,45,11,40,36,16
10,1,11,0,0,56,13,50,39,16
10,1,12,0,0,65,11,53,29,11
10,1,13,0,0,69,11,58,35,14
10,1,14,0,0,73,11,60,36,14
10,1,15,0,0,68,10,59,33,4
10,1,16,0,0,60,11,50,24,4
10,1,17,0,0,53,10,41,19,4
10,1,18,0,0,52,12,42,25,3
10,1,19,0,0,55,13,43,8,4
10,1,20,0,0,58,10,41,5,4
10,1,21,0,0,53,10,39,5,4
10,1,22,0,0,46,9,35,5,4
10,1,23,0,0,44,6,34,5,5
10,2,0,0,0,26,5,19,5,5
10,2,1,0,0,20,5,11,5,5
10,2,2,0,0,20,5,18,6,6
10,2,3,0,0,30,6,25,9,9
10,2,4,0,0,38,6,33,18,18
10,2,5,0,0,40,8,35,19,19
10,2,6,0,0,46,10,43,16,16
10,2,7,0,0,50,14,41,21,11
10,2,8,0,0,40,14,36,24,13
10,2,9,0,0,48,11,44,24,14
10,2,10,0,0,49,13,40,34,19
10,2,11,0,0,51,14,45,38,20
10,2,12,0,0,61,14,56,46,28
10,2,13,0,0,71,15,58,51,28
10,2,14,0,0,74,11,60,60,31
10,2,15,0,0,69,11,56,51,19
10,2,16,0,0,61,9,44,29,10
10,2,17,0,0,50,10,34,20,6
10,2,18,0,0,45,13,25,21,5
10,2,19,0,0,41,9,31,18,4
10,2,20,0,0,40,10,29,15,4
10,2,21,0,0,35,9,28,9,4
10,2,22,0,0,35,9,28,4,3
10,2,23,0,0,40,6,35,5,5
10,3,0,0,0,19,5,13,5,5
10,3,1,0,0,19,5,17,5,5
10,3,2,0,0,23,5,21,7,7
10,3,3,0,0,32,5,25,14,14
10,3,4,0,0,43,7,37,25,25
10,3,5,0,0,52,8,48,22,22
10,3,6,0,0,45,9,40,23,23
10,3,7,0,0,40,13,32,33,8
10,3,8,0,0,38,12,32,29,8
10,3,9,0,0,42,10,37,34,10
10,3,10,0,0,52,14,42,37,11
10,3,11,0,0,56,12,52,46,11
10,3,12,0,0,70,12,60,51,11
10,3,13,0,0,79,14,69,52,14
10,3,14,0,0,83,14,70,60,14
10,3,15,0,0,77,12,62,41,3
10,3,16,0,0,69,11,51,23,3
10,3,17,0,0,61,11,36,16,3
10,3,18,0,0,50,10,31,15,3
10,3,19,0,0,47,11,33,9,3
10,3,20,0,0,52,12,38,11,3
10,3,21,0,0,40,12,32,8,3
10,3,22,0,0,42,7,27,7,3
10,3,23,0,0,29,6,23,5,5
10,4,0,0,0,19,5,13,5,5
10,4,1,0,0,16,5,13,5,5
10,4,2,0,0,21,5,17,9,9
10,4,3,0,0,27,5,23,19,18
10,4,4,0,0,41,7,34,31,31
10,4,5,0,0,43,10,37,34,34
10,4,6,0,0,41,9,29,37,37
10,4,7,0,0,40,15,37,44,4
10,4,8,0,0,43,8,41,53,4
10,4,9,0,0,49,12,47,56,4
10,4,10,0,0,61,15,59,63,4
10,4,11,0,0,71,15,66,72,4
10,4,12,0,0,82,14,72,79,3
10,4,13,0,0,94,18,88,85,4
10,4,14,0,0,103,19,95,96,4
10,4,15,0,0,92,14,79,71,17
10,4,16,0,0,79,12,64,57,14
10,4,17,0,0,61,11,47,39,11
10,4,18,0,0,48,8,33,25,8
10,4,19,0,0,44,9,31,18,6
10,4,20,0,0,39,9,26,12,5
10,4,21,0,0,30,9,23,5,4
10,4,22,0,0,23,8,17,5,4
10,4,23,0,0,19,6,14,5,5
10,5,0,0,0,16,5,13,5,5
10,5,1,0,0,13,5,10,5,5
10,5,2,0,0,10,5,9,5,5
10,5,3,0,0,12,5,11,5,5
10,5,4,0,0,17,5,14,7,7
10,5,5,0,0,29,6,23,10,10
10,5,6,0,0,33,5,27,6,6
10,5,7,0,0,34,14,27,12,0
10,5,8,0,0,34,14,27,14,0
10,5,9,0,0,42,15,35,19,0
10,5,10,0,0,51,15,42,28,0
10,5,11,0,0,60,15,50,33,0
10,5,12,0,0,66,15,56,39,0
10,5,13,0,0,76,15,68,46,0
10,5,14,0,0,80,15,70,42,0
10,5,15,0,0,88,18,76,49,0
10,5,16,0,0,90,16,68,47,0
10,5,17,0,0,93,16,62,42,0
10,5,18,0,0,98,14,62,40,0
10,5,19,0,0,93,13,59,39,0
10,5,20,0,0,89,14,61,35,0
10,5,21,0,0,92,14,63,23,0
10,5,22,0,0,90,13,61,21,4
10,5,23,0,0,93,15,58,7,7
10,6,0,0,0,110,14,73,5,5
10,6,1,0,0,112,10,73,5,5
10,6,2,0,0,95,6,51,5,5
10,6,3,0,0,45,5,23,5,5
10,6,4,0,0,19,5,14,5,5
10,6,5,0,0,19,5,14,5,5
10,6,6,0,0,21,6,15,5,5
10,6,7,0,0,26,6,18,6,6
10,6,8,0,0,36,10,25,10,10
10,6,9,0,0,46,11,38,15,15
10,6,10,0,0,50,11,40,20,20
10,6,11,0,0,63,14,53,29,29
10,6,12,0,0,75,11,59,31,31
10,6,13,0,0,96,16,75,44,44
10,6,14,0,0,119,16,86,49,49
10,6,15,0,0,124,15,98,48,16
10,6,16,0,0,124,13,100,40,4
10,6,17,0,0,129,14,101,39,3
10,6,18,0,0,130,14,100,49,4
10,6,19,0,0,128,14,100,45,4
10,6,20,0,0,119,14,94,38,4
10,6,21,0,0,110,14,91,30,3
10,6,22,0,0,115,30,71,19,1
10,6,23,0,0,113,11,94,13,4
11,0,0,0,0,58,6,36,5,5
11,0,1,0,0,45,5,32,5,5
11,0,2,0,0,33,5,22,5,5
11,0,3,0,0,30,5,19,5,5
11,0,4,0,0,36,9,25,11,11
11,0,5,0,0,44,9,34,16,16
11,0,6,0,0,51,11,45,22,22
11,0,7,0,0,59,12,45,31,21
11,0,8,0,0,63,11,48,29,19
11,0,9,0,0,57,11,44,38,26
11,0,10,0,0,50,12,37,42,28
11,0,11,0,0,57,11,44,47,32
11,0,12,0,0,64,12,51,52,33
11,0,13,0,0,69,11,57,57,35
11,0,14,0,0,68,11,59,61,35
11,0,15,0,0,75,11,54,51,2
11,0,16,0,0,74,11,47,34,1
11,0,17,0,0,65,12,39,25,1
11,0,18,0,0,55,12,32,18,1
11,0,19,0,0,52,11,30,10,1
11,0,20,0,0,42,7,24,6,0
11,0,21,0,0,29,8,15,5,0
11,0,22,0,0,26,7,15,5,0
11,0,23,0,0,21,5,11,5,5
11,1,0,0,0,14,5,9,5,5
11,1,1,0,0,18,5,13,5,5
11,1,2,0,0,24,5,18,6,6
11,1,3,0,0,34,5,26,14,16
11,1,4,0,0,51,6,41,26,26
11,1,5,0,0,64,11,59,41,41
11,1,6,0,0,70,13,61,41,41
11,1,7,0,0,74,23,58,41,4
11,1,8,0,0,76,16,61,33,3
11,1,9,0,0,81,10,66,50,4
11,1,10,0,0,78,14,63,58,2
11,1,11,0,0,69,13,55,65,4
11,1,12,0,0,73,15,51,70,4
11,1,13,0,0,77,15,60,60,3
11,1,14,0,0,83,15,68,55,4
11,1,15,0,0,83,13,60,46,19
11,1,16,0,0,54,11,45,25,16
11,1,17,0,0,46,10,38,29,16
11,1,18,0,0,54,11,39,20,14
11,1,19,0,0,49,10,35,11,8
11,1,20,0,0,38,10,30,6,1
11,1,21,0,0,35,6,30,6,4
11,1,22,0,0,34,5,29,6,5
11,1,23,0,0,34,5,23,4,6
11,2,0,0,0,20,5,15,4,4
11,2,1,0,0,21,5,16,5,5
11,2,2,0,0,25,4,18,5,5
11,2,3,0,0,30,4,21,6,6
11,2,4,0,0,36,4,30,10,10
11,2,5,0,0,45,8,39,14,14
11,2,6,0,0,48,9,39,21,21
11,2,7,0,0,53,13,41,39,21
11,2,8,0,0,64,11,50,39,21
11,2,9,0,0,51,11,41,35,18
11,2,10,0,0,48,11,38,35,18
11,2,11,0,0,41,13,30,34,20
11,2,12,0,0,46,13,34,36,23
11,2,13,0,0,54,13,45,43,24
11,2,14,0,0,60,13,50,44,24
11,2,15,0,0,53,9,39,26,5
11,2,16,0,0,49,9,31,23,3
11,2,17,0,0,44,13,30,11,1
11,2,18,0,0,50,13,38,9,1
11,2,19,0,0,48,10,29,9,1
11,2,20,0,0,43,5,21,8,1
11,2,21,0,0,36,6,20,5,1
11,2,22,0,0,30,6,18,4,1
11,2,23,0,0,30,5,18,5,4
11,3,0,0,0,21,5,13,5,5
11,3,1,0,0,20,5,14,5,5
11,3,2,0,0,23,5,15,5,5
11,3,3,0,0,25,6,19,10,10
11,3,4,0,0,34,9,29,18,18
11,3,5,0,0,43,9,35,23,23
11,3,6,0,0,50,10,41,29,29
11,3,7,0,0,48,13,39,31,3
11,3,8,0,0,51,16,40,28,1
11,3,9,0,0,41,14,33,30,3
11,3,10,0,0,40,14,38,39,3
11,3,11,0,0,44,15,30,43,3
11,3,12,0,0,53,15,36,49,3
11,3,13,0,0,61,16,50,49,3
11,3,14,0,0,64,16,50,41,3
11,3,15,0,0,51,14,40,19,13
11,3,16,0,0,51,13,44,15,9
11,3,17,0,0,44,16,41,16,11
11,3,18,0,0,45,14,36,18,13
11,3,19,0,0,33,13,26,10,5
11,3,20,0,0,31,10,21,8,4
11,3,21,0,0,31,10,21,8,4
11,3,22,0,0,31,9,21,6,4
11,3,23,0,0,33,6,20,5,5
11,4,0,0,0,19,5,11,5,5
11,4,1,0,0,18,5,9,5,5
11,4,2,0,0,21,5,16,8,8
11,4,3,0,0,28,5,23,14,14
11,4,4,0,0,38,8,31,21,21
11,4,5,0,0,53,6,46,29,29
11,4,6,0,0,59,10,49,38,38
11,4,7,0,0,59,23,36,40,34
11,4,8,0,0,50,11,40,40,34
11,4,9,0,0,50,10,40,39,34
11,4,10,0,0,53,11,41,44,36
11,4,11,0,0,53,11,45,46,25
11,4,12,0,0,58,13,49,48,26
11,4,13,0,0,64,14,54,50,26
11,4,14,0,0,66,14,56,51,26
11,4,15,0,0,75,13,61,53,30
11,4,16,0,0,63,14,51,45,28
11,4,17,0,0,63,14,51,45,28
11,4,18,0,0,63,13,39,36,25
11,4,19,0,0,55,12,40,17,2
11,4,20,0,0,40,8,40,13,3
11,4,21,0,0,35,8,34,11,3
11,4,22,0,0,31,10,30,10,3
11,4,23,0,0,16,6,13,5,5
11,5,0,0,0,13,5,10,5,5
11,5,1,0,0,15,5,13,5,5
11,5,2,0,0,13,5,9,5,5
11,5,3,0,0,13,5,9,8,8
11,5,4,0,0,16,5,13,8,8
11,5,5,0,0,21,8,15,6,6
11,5,6,0,0,23,5,16,9,9
11,5,7,0,0,21,9,16,6,0
11,5,8,0,0,29,10,18,11,0
11,5,9,0,0,39,10,25,16,0
11,5,10,0,0,46,15,34,26,0
11,5,11,0,0,58,14,45,34,0
11,5,12,0,0,65,15,51,38,0
11,5,13,0,0,75,15,59,38,1
11,5,14,0,0,80,15,66,35,0
11,5,15,0,0,89,10,71,41,15
11,5,16,0,0,98,14,64,34,11
11,5,17,0,0,98,13,60,30,11
11,5,18,0,0,100,15,50,20,0
11,5,19,0,0,103,11,59,16,3
11,5,20,0,0,100,11,63,15,3
11,5,21,0,0,95,11,59,13,3
11,5,22,0,0,90,9,54,9,1
11,5,23,0,0,88,13,49,5,5
11,6,0,0,0,41,6,24,5,5
11,6,1,0,0,25,6,16,5,5
11,6,2,0,0,14,5,11,5,5
11,6,3,0,0,13,5,11,5,5
11,6,4,0,0,15,5,12,5,5
11,6,5,0,0,22,5,14,5,5
11,6,6,0,0,27,5,13,6,5
11,6,7,0,0,21,7,16,6,3
11,6,8,0,0,28,9,20,11,3
11,6,9,0,0,35,11,24,13,4
11,6,10,0,0,41,16,23,10,2
11,6,11,0,0,46,13,28,24,3
11,6,12,0,0,57,16,41,27,3
11,6,13,0,0,64,16,56,41,3
11,6,14,0,0,72,15,54,46,4
11,6,15,0,0,80,15,56,37,1
11,6,16,0,0,85,13,44,28,1
11,6,17,0,0,93,15,54,19,1
11,6,18,0,0,99,15,55,19,1
11,6,19,0,0,101,13,60,21,1
11,6,20,0,0,95,12,57,14,1
11,6,21,0,0,85,11,49,7,0
11,6,22,0,0,75,7,47,5,0
11,6,23,0,0,63,7,37,5,5
12,0,0,0,0,23,5,15,5,5
12,0,1,0,0,20,5,15,5,5
12,0,2,0,0,26,5,19,5,5
12,0,3,0,0,29,8,21,5,5
12,0,4,0,0,39,8,29,10,10
12,0,5,0,0,48,11,36,19,19
12,0,6,0,0,58,13,44,25,25
12,0,7,0,0,49,10,44,26,16
12,0,8,0,0,65,14,58,33,20
12,0,9,0,0,65,10,54,33,19
12,0,10,0,0,66,13,49,43,24
12,0,11,0,0,70,14,55,49,25
12,0,12,0,0,80,13,63,58,26
12,0,13,0,0,84,15,60,64,30
12,0,14,0,0,103,14,76,75,33
12,0,15,0,0,118,15,80,73,0
12,0,16,0,0,118,15,74,58,0
12,0,17,0,0,113,14,66,49,0
12,0,18,0,0,103,16,60,31,0
12,0,19,0,0,89,14,50,14,0
12,0,20,0,0,75,13,43,6,0
12,0,21,0,0,60,13,31,5,0
12,0,22,0,0,43,8,20,5,0
12,0,23,0,0,33,8,18,5,4
12,1,0,0,0,25,6,15,5,4
12,1,1,0,0,20,5,13,5,4
12,1,2,0,0,23,5,16,5,4
12,1,3,0,0,36,5,26,7,7
12,1,4,0,0,48,6,39,15,15
12,1,5,0,0,58,13,49,24,24
12,1,6,0,0,64,13,52,32,32
12,1,7,0,0,69,14,54,38,19
12,1,8,0,0,72,15,57,32,19
12,1,9,0,0,68,12,52,40,25
12,1,10,0,0,62,12,48,40,26
12,1,11,0,0,60,14,46,43,29
12,1,12,0,0,62,12,54,40,29
12,1,13,0,0,76,14,64,45,29
12,1,14,0,0,83,13,69,47,32
12,1,15,0,0,85,15,74,40,1
12,1,16,0,0,72,14,65,37,1
12,1,17,0,0,67,14,68,24,0
12,1,18,0,0,65,14,58,22,0
12,1,19,0,0,57,13,49,22,0
12,1,20,0,0,48,13,45,19,0
12,1,21,0,0,45,12,38,12,0
12,1,22,0,0,41,11,30,7,0
12,1,23,0,0,21,7,13,5,5
12,2,0,0,0,17,6,11,6,6
12,2,1,0,0,22,6,12,4,4
12,2,2,0,0,22,6,17,5,5
12,2,3,0,0,33,6,23,9,9
12,2,4,0,0,46,8,34,13,13
12,2,5,0,0,55,12,43,21,21
12,2,6,0,0,67,16,52,28,25
12,2,7,0,0,74,14,58,36,19
12,2,8,0,0,63,15,66,41,24
12,2,9,0,0,76,13,60,43,23
12,2,10,0,0,72,13,57,51,23
12,2,11,0,0,80,14,68,49,24
12,2,12,0,0,84,16,67,53,26
12,2,13,0,0,88,16,71,54,26
12,2,14,0,0,93,16,82,48,37
12,2,15,0,0,86,12,73,33,16
12,2,16,0,0,86,12,55,30,15
12,2,17,0,0,81,12,45,16,8
12,2,18,0,0,62,14,46,14,6
12,2,19,0,0,59,16,34,11,5
12,2,20,0,0,54,12,32,10,5
12,2,21,0,0,34,9,33,8,2
12,2,22,0,0,31,9,31,5,2
12,2,23,0,0,25,6,11,4,4
12,3,0,0,0,21,5,14,6,5
12,3,1,0,0,19,4,12,4,4
12,3,2,0,0,22,4,16,5,5
12,3,3,0,0,28,4,23,9,8
12,3,4,0,0,38,6,30,14,14
12,3,5,0,0,44,8,36,19,19
12,3,6,0,0,46,9,39,19,11
12,3,7,0,0,49,11,41,21,4
12,3,8,0,0,51,11,43,24,7
12,3,9,0,0,57,12,42,24,9
12,3,10,0,0,54,12,43,26,11
12,3,11,0,0,54,20,182,28,11
12,3,12,0,0,60,12,46,28,9
12,3,13,0,0,62,12,49,28,9
12,3,14,0,0,65,12,52,29,9
12,3,15,0,0,57,10,46,28,16
12,3,16,0,0,52,10,41,18,8
12,3,17,0,0,52,10,39,13,6
12,3,18,0,0,52,9,37,13,6
12,3,19,0,0,41,10,28,10,5
12,3,20,0,0,33,8,22,10,5
12,3,21,0,0,29,7,18,5,3
12,3,22,0,0,27,8,16,6,2
12,3,23,0,0,23,6,15,5,5
12,4,0,0,0,23,6,16,5,5
12,4,1,0,0,16,6,15,5,5
12,4,2,0,0,21,6,15,5,5
12,4,3,0,0,26,6,21,6,6
12,4,4,0,0,34,6,26,14,14
12,4,5,0,0,43,8,34,23,23
12,4,6,0,0,58,11,50,29,29
12,4,7,0,0,58,11,51,31,15
12,4,8,0,0,53,9,43,31,15
12,4,9,0,0,55,11,45,31,15
12,4,10,0,0,54,11,44,30,11
12,4,11,0,0,58,13,48,36,15
12,4,12,0,0,65,14,55,36,15
12,4,13,0,0,66,13,56,38,15
12,4,14,0,0,64,13,55,38,15
12,4,15,0,0,68,13,53,43,35
12,4,16,0,0,65,9,49,39,34
12,4,17,0,0,66,14,53,31,31
12,4,18,0,0,69,14,51,34,29
12,4,19,0,0,71,11,48,28,24
12,4,20,0,0,54,10,40,16,13
12,4,21,0,0,31,10,28,15,11
12,4,22,0,0,31,10,25,9,5
12,4,23,0,0,30,8,23,6,6
12,5,0,0,0,18,6,11,5,5
12,5,1,0,0,16,6,14,5,5
12,5,2,0,0,14,5,9,5,5
12,5,3,0,0,15,5,11,5,4
12,5,4,0,0,21,5,16,6,5
12,5,5,0,0,24,5,18,8,6
12,5,6,0,0,28,9,19,8,6
12,5,7,0,0,24,6,18,6,0
12,5,8,0,0,28,11,18,9,0
12,5,9,0,0,34,13,24,15,0
12,5,10,0,0,35,11,26,29,1
12,5,11,0,0,40,13,30,23,1
12,5,12,0,0,56,14,46,25,1
12,5,13,0,0,64,15,53,26,1
12,5,14,0,0,75,15,63,30,1
12,5,15,0,0,94,16,71,24,0
12,5,16,0,0,103,15,80,18,0
12,5,17,0,0,110,14,81,14,0
12,5,18,0,0,113,15,71,13,0
12,5,19,0,0,116,16,66,15,0
12,5,20,0,0,113,15,58,10,0
12,5,21,0,0,100,15,51,9,0
12,5,22,0,0,83,14,43,5,0
12,5,23,0,0,66,11,24,4,3
12,6,0,0,0,61,8,30,5,4
12,6,1,0,0,28,5,14,5,4
12,6,2,0,0,13,5,14,5,4
12,6,3,0,0,11,4,13,5,4
12,6,4,0,0,18,4,16,5,4
12,6,5,0,0,20,4,14,5,4
12,6,6,0,0,20,5,16,5,4
12,6,7,0,0,11,5,9,6,5
12,6,8,0,0,16,5,10,6,5
12,6,9,0,0,23,8,18,10,8
12,6,10,0,0,29,10,23,16,9
12,6,11,0,0,36,11,28,21,13
12,6,12,0,0,34,10,25,19,11
12,6,13,0,0,48,11,40,29,14
12,6,14,0,0,58,11,45,31,14
12,6,15,0,0,61,13,46,19,1
12,6,16,0,0,63,11,43,11,0
12,6,17,0,0,64,11,38,8,0
12,6,18,0,0,61,13,34,6,0
12,6,19,0,0,55,13,34,6,0
12,6,20,0,0,54,11,41,6,0
12,6,21,0,0,50,10,36,5,0
12,6,22,0,0,41,6,21,4,0
12,6,23,0,0,33,9,23,5,5
